title,skin_type1,skin_type2,skin_type3,skin_trouble1,skin_trouble2,skin_trouble3,skin_stim1,skin_stim2,skin_stim3,components,skin_type_result,skin_trouble_result
[7월 올영픽]마녀공장X미니언즈 비피다 바이옴 콤플렉스 앰플 30ml 더블 기획 (+쉐이커 키링),0.0,0.0,100.0,0.0,100.0,0.0,100.0,0.0,0.0,"비피다발효용해물(66.94%),부틸렌글라이콜,비피다발효여과물(3.59%),락토바실러스발효용해물,락토코쿠스발효용해물,효모발효여과물,글리세린,나이아신아마이드,1,2-헥산다이올,락토바실러스/호박열매발효여과물,흑효모발효물,하이알루로닉애씨드,소듐하이알루로네이트,소듐하이알루로네이트크로스폴리머,소듐아세틸레이티드하이알루로네이트,하이드롤라이즈드소듐하이알루로네이트,포타슘하이알루로네이트,하이드롤라이즈드하이알루로닉애씨드,하이드록시프로필트라이모늄하이알루로네이트,에델바이스캘러스배양추출물,쿠티박테리움그라눌로숨발효추출여과물(5.115ppm),아시아티코사이드,아시아틱애씨드,마데카식애씨드,펜틸렌글라이콜,스쿠알란,하이드로제네이티드레시틴,카퍼트라이펩타이드-1,트로메타민,아세틸헥사펩타이드-8,프로판다이올,에틸헥실글리세린,덱스트린,정제수,카페인,벤질글라이콜,소듐파이테이트,하이드롤라이즈드알진,잔탄검,에피갈로카테킨갈레이트,카보머,꽈리꽃받침추출물,하이드롤라이즈드글라이코사미노글리칸,폴리글리세릴-10라우레이트,카카오씨추출물,아데노신",skin_type3,skin_trouble2
[한정기획] 에센허브 티트리 100 오일 10ml 1+1 한정기획 (10ml+10ml+면봉 50ea),17.0,17.0,67.0,0.0,100.0,0.0,17.0,67.0,17.0,"티트리잎오일,리모넨,리날룰",skin_type3,skin_trouble2
[7일특가]넘버즈인 1번 판토텐산 액티브 수딩크림 80ml+80ml 더블 기획,9.0,59.0,32.0,23.0,77.0,0.0,68.0,32.0,0.0,"정제수,부틸렌글라이콜,글리세린,나이아신아마이드,세틸에틸헥사노에이트,다이카프릴릴카보네이트,1,2-헥산다이올,펜틸렌글라이콜,비닐다이메티콘,병풀추출물,클로렐라불가리스추출물,도둑놈의지팡이뿌리추출물,인도멀구슬나무잎추출물,인도멀구슬나무꽃추출물,아이비고드열매추출물,홀리바질잎추출물,울금뿌리추출물,알로에베라꽃추출물,가지열매추출물,참산호말추출물,녹차추출물,병풀잎추출물,오카무라큰실말추출물,흰버드나무껍질추출물,약모밀추출물,커피콩추출물,베르가모트잎추출물,소나무잎추출물,알파-알부틴,아르간커넬오일,참깨오일,사발팜열매추출물,스페인감초뿌리추출물,카프릴릴메티콘,에리스리톨,판테놀,하이드록시에틸아크릴레이트/소듐아크릴로일다이메틸타우레이트코폴리머,다이메티콘올,폴리메틸실세스퀴옥세인,아크릴레이트/C10-30알킬아크릴레이트크로스폴리머,글루코오스,트로메타민,실리카,프룩토올리고사카라이드,프룩토오스,에틸헥실글리세린,소듐파이테이트,글리세릴아크릴레이트/아크릴릭애씨드코폴리머,카프릴릭/카프릭트라이글리세라이드,하이드로제네이티드레시틴,토코페롤,데실글루코사이드,판토테닉애씨드,폴리글리세릴-4카프레이트,폴리글리세릴-6카프릴레이트,징크피씨에이,메틸다이아이소프로필프로피온아마이드,베타-시토스테롤,잔탄검",skin_type2,skin_trouble2
[굿즈증정/1+1]닥터지 레드 블레미쉬 클리어 수딩 크림 70ml 1+1 기획,33.0,55.0,12.0,54.0,46.0,1.0,83.0,17.0,1.0,"정제수,글리세린,부틸렌글라이콜,다이카프릴릴에터,나이아신아마이드,1,2-헥산다이올,하이드로제네이티드폴리데센,펜틸렌글라이콜,다이카프릴릴카보네이트,비닐다이메티콘,카프릴릴메티콘,하이드록시에틸아크릴레이트/소듐아크릴로일다이메틸타우레이트코폴리머,판테놀,아크릴레이트/C10-30알킬아크릴레이트크로스폴리머,다이메티콘올,폴리메틸실세스퀴옥세인,트로메타민,다이포타슘글리시리제이트,글리세릴아크릴레이트/아크릴릭애씨드코폴리머,에틸헥실글리세린,잔탄검,병풀잎추출물,프룩토올리고사카라이드,소듐파이테이트,알란토인,락토바실러스발효물,락토바실러스/콩발효추출물,류코노스톡/무발효여과물,효모발효추출물,토코페롤,에피갈로카테킨갈레이트,마데카소사이드,베타-글루칸,병풀추출물,아시아티코사이드,마데카식애씨드,아시아틱애씨드",skin_type2,skin_trouble1
[변우석PICK] 피지오겔 시카밸런스 세럼 50ml+시카밸런스 크림 10ml+시카밸런스 폼 20ml,23.0,55.0,23.0,34.0,62.0,4.0,79.0,21.0,0.0,"정제수 다이프로필렌글라이콜 글리세린 1,2-헥산다이올 나이아신아마이드 판테놀 C15-19알케인 세린 암모늄아크릴로일다이메틸타우레이트/브이피코폴리머 트라이에틸헥사노인 운데케인 카르니틴 트로메타민 부틸렌글라이콜 아크릴레이트/C10-30알킬아크릴레이트크로스폴리머 코코-카프릴레이트/카프레이트 카프릴릭/카프릭트라이글리세라이드 아스코빌글루코사이드 살리실릭애씨드 스클레로튬검 트라이데케인 세테아릴알코올 리놀레익애씨드 아라키딜알코올 스쿠알란 베헤닐알코올 시어버터 피토스테릴/이소스테아릴/세틸/스테아릴/베헤닐다이머디리놀리에이트 마데카소사이드(250ppm) 리놀레닉애씨드 프로판다이올 트라이소듐이디티에이 아라키딜글루코사이드 알지닌 하이드로제네이티드레시틴 하이드롤라이즈드하이알루로닉애씨드 사코신 실리카 소듐하이알루로네이트 아세타마이드엠이에이 시트릭애씨드 베타-글루칸 다이메티콘 세라마이드엔피 콜레스테롤 토코페롤 카보머 팔미틱애씨드 스테아릭애씨드 잔탄검 팔미타마이드엠이에이 아시아티코사이드(0.4ppm) 마데카식애씨드(0.35ppm) 아시아틱애씨드(0.25ppm)",skin_type2,skin_trouble2
[7일특가]넘버즈인 1번 판토텐산 수딩세럼 50ml 리필기획(50ml+50ml),28.0,50.0,22.0,36.0,61.0,3.0,78.0,19.0,3.0,"정제수,부틸렌글라이콜,나이아신아마이드,글리세린,다이프로필렌글라이콜,1,2-헥산다이올,판테놀,도둑놈의지팡이뿌리추출물,아크릴레이트/C10-30알킬아크릴레이트크로스폴리머,프로판다이올,다이에톡시에틸석시네이트,트로메타민,하이드로제네이티드레시틴,암모늄아크릴로일다이메틸타우레이트/브이피코폴리머,베타인,판토테닉애씨드,트레할로오스,에틸헥실글리세린,글리세릴올리에이트,소듐파이테이트,알란토인,알파-알부틴,약모밀추출물,라우릴글루코사이드,미리스틸글루코사이드,폴리글리세릴-6라우레이트,징크피씨에이,인도멀구슬나무잎추출물,토코페롤,감초뿌리추출물,인도멀구슬나무꽃추출물,아이비고드열매추출물,병풀추출물,소듐하이알루로네이트,시트릭애씨드,가지열매추출물,베타-글루칸,홀리바질잎추출물,하이알루로닉애씨드,데실글루코사이드,울금뿌리추출물,참산호말추출물,다이포타슘글리시리제이트,하이드롤라이즈드하이알루로닉애씨드,호호바씨오일,녹차추출물,병풀잎추출물,오카무라큰실말추출물,흰버드나무껍질추출물,소듐아세틸레이티드하이알루로네이트,커피콩추출물,베타-시토스테롤,폴리글리세릴-10스테아레이트,베르가모트잎추출물,소나무잎추출물",skin_type2,skin_trouble2
[일주일특가] 디마르3 시그니처 에스투드 프로텍터 대용량 모공 앰플 170ml,33.0,59.0,8.0,57.0,25.0,19.0,72.0,26.0,2.0,"병풀추출물,글리세린,메틸프로판다이올,글리세레스-26,정제수,1,2-헥산다이올,나이아신아마이드,베타인,에탄올,트레할로오스,판테놀,소듐하이알루로네이트,세라마이드엔피,페루기네움철쭉추출물,에델바이스꽃/잎추출물,엘더꽃추출물,노티드랙추출물,당아욱꽃/잎/줄기추출물,레이디스맨틀꽃/잎/줄기추출물,레몬밤잎추출물,페퍼민트잎추출물,서양톱풀꽃/잎/줄기추출물,스피드웰꽃/잎/줄기추출물,카우슬립꽃추출물,락토바실러스/콩발효추출물,오레가노잎추출물,편백잎추출물,흰버드나무껍질추출물,육계나무껍질추출물,쇠비름추출물,황금추출물,월귤잎추출물,소엽맥문동뿌리추출물,무화과추출물,피토스핑고신,아데노신,하이드로제네이티드레시틴,폴리글리세릴-10라우레이트,카보머,트로메타민,셀룰로오스검,글리세릴폴리메타크릴레이트,다이소듐이디티에이,카라멜,프로필렌글라이콜,말토덱스트린,아라비아고무나무검,시트릭애씨드,화산재,다이소듐포스페이트,향료,펜틸렌글라이콜,카프릴릴글라이콜,에틸헥실글리세린,소듐벤조에이트,포타슘솔베이트,리날룰",skin_type2,skin_trouble1
[일주일특가] 디마르3 시그니처 에스투드 프로텍터 모공 앰플 30ml,25.0,66.0,9.0,42.0,34.0,24.0,67.0,33.0,1.0,"병풀추출물,글리세린,메틸프로판다이올,글리세레스-26,정제수,1,2-헥산다이올,나이아신아마이드,베타인,에탄올,트레할로오스,판테놀,소듐하이알루로네이트,세라마이드엔피,페루기네움철쭉추출물,에델바이스꽃/잎추출물,엘더꽃추출물,노티드랙추출물,당아욱꽃/잎/줄기추출물,레이디스맨틀꽃/잎/줄기추출물,레몬밤잎추출물,페퍼민트잎추출물,서양톱풀꽃/잎/줄기추출물,스피드웰꽃/잎/줄기추출물,카우슬립꽃추출물,락토바실러스/콩발효추출물,오레가노잎추출물,편백잎추출물,흰버드나무껍질추출물,육계나무껍질추출물,쇠비름추출물,황금추출물,월귤잎추출물,소엽맥문동뿌리추출물,무화과추출물,피토스핑고신,아데노신,하이드로제네이티드레시틴,폴리글리세릴-10라우레이트,카보머,트로메타민,셀룰로오스검,글리세릴폴리메타크릴레이트,다이소듐이디티에이,카라멜,프로필렌글라이콜,말토덱스트린,아라비아고무나무검,시트릭애씨드,화산재,다이소듐포스페이트,향료,펜틸렌글라이콜,카프릴릴글라이콜,에틸헥실글리세린,소듐벤조에이트,포타슘솔베이트,리날룰",skin_type2,skin_trouble1
[아랑Pick] VT 리들샷 100 에센스 50ml 기획/단품,21.0,64.0,15.0,24.0,40.0,37.0,14.0,32.0,55.0,"정제수,다이프로필렌글라이콜,글리세린,나이아신아마이드,부틸렌글라이콜,마카다미아씨오일,1,2-헥산다이올,에틸헥실팔미테이트,소듐아크릴레이트/소듐아크릴로일다이메틸타우레이트코폴리머,폴리아이소부텐,실리카,글리세레스-26,에틸헥실글리세린,카프릴릴글라이콜,아데노신,소듐폴리아크릴레이트,소듐하이알루로네이트,병풀추출물,카프릴릴/카프릴글루코사이드,솔비탄올리에이트,잔탄검,프로폴리스추출물,아시아티코사이드,마데카소사이드,마데카식애씨드,아시아틱애씨드,글라이신,세린,글루타믹애씨드,아스파틱애씨드,류신,알라닌,라이신,알지닌,타이로신,페닐알라닌,트레오닌,프롤린,발린,아이소류신,히스티딘,메티오닌,시스테인",skin_type2,skin_trouble2
라로슈포제 시카플라스트 밤 B5+ 100ml 기획 (+3ml 추가증정),63.0,25.0,13.0,50.0,50.0,0.0,88.0,13.0,0.0,정제수하이드로제네이티드폴리아이소부텐다이메티콘글리세린시어버터판테놀옥수수전분프로판다이올부틸렌글라이콜세틸피이지/피피지-10/1다이메티콘트라이하이드록시스테아린병풀잎추출물야콘뿌리즙징크글루코네이트마데카소사이드망가니즈글루코네이트알파-글루칸올리고사카라이드실리카알루미늄하이드록사이드마그네슘설페이트만노오스카프릴로일글라이신카프릴릴글라이콜비트레오스실라발효물시트릭애씨드트라이소듐에틸렌다이아민다이석시네이트락토바실러스아세틸레이티드글라이콜스테아레이트말토덱스트린폴리글리세릴-4아이소스테아레이트토코페롤펜타에리스리틸테트라-다이-t-부틸하이드록시하이드로신나메이트티타늄디옥사이드,skin_type1,skin_trouble1
[7월 올영픽/아랑PICK] 파티온 노스카나인 트러블 세럼 단독 기획 (50ml+15ml),21.0,59.0,21.0,22.0,76.0,2.0,83.0,17.0,1.0,"쑥잎추출물,정제수,글리세린,다이프로필렌글라이콜,판테놀,1,2-헥산다이올,펜틸렌글라이콜,소듐하이알루로네이트,병풀추출물,소듐헤파린,사과추출물,다이에톡시에틸석시네이트,하이드록시에틸우레아,아크릴레이트/C10-30알킬아크릴레이트크로스폴리머,암모늄아크릴로일다이메틸타우레이트/브이피코폴리머,트로메타민,알란토인,하이드록시아세토페논,에틸헥실글리세린,폴리글리세릴-10라우레이트,석시닉애씨드,토코페롤,카프릴릴/카프릴글루코사이드,하이드로제네이티드레시틴,세라마이드엔피,잔탄검",skin_type2,skin_trouble2
[1+1+1한정기획/모공탄력] 성분에디터 그린토마토 모공앰플 30ml 1+1+1 트리플기획,25.0,61.0,14.0,39.0,42.0,19.0,67.0,31.0,2.0,"정제수,부틸렌글라이콜,글리세린,자일리톨,1,2-헥산다이올,나이아신아마이드,다이프로필렌글라이콜,에탄올,트레할로오스,잔탄검,C12-13파레스-9,카보머,다이포타슘글리시리제이트,트로메타민,알란토인,폴리메틸실세스퀴옥세인,소듐시트레이트,아데노신,인도멀구슬나무잎추출물,인도멀구슬나무꽃추출물,스타이렌/아크릴레이트코폴리머,토마토추출물,데이지꽃추출물,하이드롤라이즈드콜라겐,판테놀,글루코노락톤,아이비고드열매추출물,호박가루,가지열매추출물,홀리바질잎추출물,울금뿌리추출물,참산호말추출물,드럼스틱씨오일,하이드로제네이티드폴리아이소부텐,하이드로제네이티드레시틴,소듐하이알루로네이트,세라마이드엔피,하이알루로닉애씨드,하이드롤라이즈드하이알루로닉애씨드,하이드록시프로필트라이모늄하이알루로네이트,소듐하이알루로네이트크로스폴리머,칡뿌리추출물,대왕송잎추출물,당느릅나무뿌리추출물,달맞이꽃추출물,지모뿌리추출물,에틸헥실글리세린,메틸다이하이드로자스모네이트,다이소듐이디티에이,페네틸알코올,소듐클로라이드,다이소듐포스페이트,포타슘클로라이드,포타슘포스페이트,에틸리날룰,에틸렌브라실레이트,리날릴아세테이트,유칼립톨,메틸렌다이옥시페닐메틸프로판알,2-t-부틸사이클로헥실아세테이트,헥세닐아세테이트,3-헥센올,2,4-다이메틸-3-사이클로헥신카복스알데하이드,벤질글라이콜,토코페롤,라즈베리케톤",skin_type2,skin_trouble2
[대용량][한정기획] 브링그린 티트리시카수딩토너 500mL+200리필(배스킨콜라보),17.0,54.0,29.0,19.0,81.0,1.0,64.0,34.0,2.0,"■티트리추출물,정제수,다이프로필렌글라이콜,티트리잎추출물,티트리잎수,병풀추출물,1,2-헥산다이올,부틸렌글라이콜,티트리꽃/잎/줄기추출물,베타인,판테놀,옥틸도데세스-16,소듐시트레이트,시트릭애씨드,티트리잎오일,베타인살리실레이트,잔탄검	",skin_type2,skin_trouble2
[데이식스 도운PICK/한정기획] 아이소이 BR 블레미쉬 케어 업 세럼30ml 1+1 기획(30ml+30ml),22.0,66.0,12.0,26.0,37.0,38.0,65.0,33.0,2.0,"정제수,다마스크장미꽃수,글리세린,에탄올,알부틴,베타인,트레할로오스,다마스크장미꽃오일,비타민나무열매추출물,아사이팜열매추출물,로우스위트블루베리추출물,인디안구스베리열매추출물,크랜베리추출물,바위돌꽃뿌리추출물,고삼뿌리추출물,블랙윌로우나무껍질추출물,약모밀추출물,잔탄검,알란토인,판테놀,붉나무충영추출물,올리브나무잎추출물,감국꽃추출물,회화나무싹추출물,꿀풀잎추출물,밤껍질추출물,흰버드나무껍질추출물,병풀추출물,부틸렌글라이콜,1,2-헥산다이올,포트마리골드꽃추출물,황금추출물,모란뿌리추출물,스페인감초뿌리추출물*아이소이에서사용하는에탄올은식물발효성분입니다",skin_type2,skin_trouble3
[7월 올영픽/올인원케어] 달바 화이트 트러플 퍼스트 스프레이 세럼 100ml + 100ml 기획세트,55.0,41.0,4.0,75.0,20.0,5.0,70.0,27.0,3.0,"정제수,다이프로필렌글라이콜,네오펜틸글라이콜다이헵타노에이트,글리세레스-26,1,2-헥산다이올,나이아신아마이드,솔비톨,하이드록시에틸우레아,아보카도오일,멕시칸치아씨추출물,바질꽃/잎/줄기추출물,베타인,귀리커넬추출물,부틸렌글라이콜,흰서양송로추출물(1,740ppm),글리세린,해바라기씨오일,토코페릴아세테이트,다이소듐이디티에이,다이포타슘글리시리제이트,아데노신,소듐팔미토일프롤린,비피다발효용해물,알바수련꽃추출물,하이드롤라이즈드하이알루로닉애씨드,돌콩오일,스노우로투스추출물,인삼추출물,연꽃꽃추출물,뽕나무껍질추출물,마돈나백합꽃추출물,에델바이스추출물,약모밀추출물,프리지어추출물,카보머,데이지꽃추출물,알지닌,포타슘솔베이트,아나토씨오일,토코페롤,향료,리날룰,헥실신남알,리모넨,시트로넬올",skin_type1,skin_trouble1
[7일특가/흔적미백] 넘버즈인 5번 글루타치온C 흔적 앰플 30ml+30ml 듀오기획,35.0,58.0,7.0,25.0,22.0,53.0,62.0,34.0,4.0,"정제수,부틸렌글라이콜,나이아신아마이드(50,000ppm),판테놀(50,000ppm),트라넥사믹애씨드(40,000ppm),1,2-헥산다이올,네오펜틸글라이콜다이카프레이트,카프릴릭/카프릭트라이글리세라이드,솔비톨,월귤추출물,아이리쉬모스추출물,시어버터,사탕수수추출물,알파-알부틴,비피다발효용해물,소듐하이알루로네이트,인도멀구슬나무꽃추출물,홀리바질잎추출물,인도멀구슬나무잎추출물,울금뿌리추출물,참산호말추출물,흰목이버섯추출물,펜틸렌글라이콜,글리세린,3-O-에틸아스코빅애씨드(2,000ppm),비사보롤,트로메타민,에틸헥실글리세린,아데노신,하이드로제네이티드레시틴,알란토인,글루타티온(100ppm),세라마이드엔피,베타-글루칸,다이포타슘글리시리제이트,토코페롤,아스코빅애씨드(1ppb),아스코빌글루코사이드(1ppb),토코페릴아세테이트,하이드록시프로필사이클로덱스트린,유비퀴논,티옥틱애씨드,포타슘하이드록사이드,베헤닐알코올,카보머,잔탄검,다이소듐이디티에이",skin_type2,skin_trouble3
[지안씨PICK/NEW]스킨앤랩 베리어덤 링거 앰플70ml,39.0,50.0,11.0,77.0,23.0,1.0,92.0,8.0,2.0,"정제수,프로판다이올,글리세린,1,2-헥산다이올,클로렐라불가리스추출물,소듐하이알루로네이트,락토바실러스발효용해물,판테놀,글라이코실트레할로오스,글루코오스,부틸렌글라이콜,하이드로제네이티드스타치하이드롤리세이트,프룩토올리고사카라이드,프룩토오스,폴리쿼터늄-51,글리세릴글루코사이드,사카라이드아이소머레이트,에틸헥실글리세린,아크릴레이트/C10-30알킬아크릴레이트크로스폴리머,알란토인,하이드록시프로필트라이모늄하이알루로네이트,트로메타민,덱스트린,소듐파이테이트,소듐클로라이드,베타-글루칸,글리세릴아크릴레이트/아크릴릭애씨드코폴리머,사이아노코발아민,시트릭애씨드,소듐시트레이트,소듐바이카보네이트,칼슘클로라이드,포타슘크로라이드,토코페롤,잔탄검,치자추출물",skin_type2,skin_trouble1
"[7월 올영픽/단독기획] 파티온 노스카나인 트러블 크림 45ml 기획(+크림5ml, 세럼15ml 증정)",18.0,57.0,25.0,24.0,76.0,1.0,81.0,19.0,1.0,"정제수,글리세린,메도우폼씨오일,카프릴릭/카프릭트라이글리세라이드,비닐다이메티콘,다이글리세린,폴리글리세릴-3다이스테아레이트,세테아릴알코올,1,2-헥산다이올,펜틸렌글라이콜,펜타에리스리틸테트라에틸헥사노에이트,쑥잎추출물,하이드로제네이티드쌀겨오일,하이드로제네이티드레시틴,세테아릴올리베이트,소듐스테아로일글루타메이트,하이드록시에틸아크릴레이트/소듐아크릴로일다이메틸타우레이트코폴리머,폴리글리세릴-2스테아레이트,암모늄아크릴로일다이메틸타우레이트/브이피코폴리머,아이소도데케인,하이드록시아세토페논,아크릴레이트/C10-30알킬아크릴레이트크로스폴리머,클로렐라불가리스추출물,글루코오스,솔비탄올리베이트,글리세릴스테아레이트,스테아릴알코올,판테놀,글리세릴스테아레이트시트레이트,부틸렌글라이콜,프룩토올리고사카라이드,프룩토오스,잔탄검,스테아릭애씨드,석시닉애씨드,다이메티콘/비닐다이메티콘크로스폴리머,비닐다이메티콘/메티콘실세스퀴옥세인크로스폴리머,소듐파이테이트,솔비탄아이소스테아레이트,폴리글리세릴-10스테아레이트,세라마이드엔피,알란토인,베타-글루칸,폴리글리세릴-10라우레이트,세라마이드엔에스,소듐헤파린,콜레스테롤,에틸헥실글리세린,피토스핑고신,세라마이드에이피,세라마이드에이에스,스쿠알란,다이프로필렌글라이콜,병풀추출물,세라마이드이오피,카프릴릴/카프릴글루코사이드",skin_type2,skin_trouble2
퍼셀 20억/mL 픽셀바이옴 원액 20ml,26.0,61.0,13.0,29.0,62.0,10.0,75.0,25.0,1.0,"비피다발효용해물(45%),락토바실러스발효용해물(45%),부틸렌글라이콜,1,2-헥산다이올,에틸헥실글리세린",skin_type2,skin_trouble2
[7일특가/모공세럼]넘버즈인 3번 보들보들 결 세럼 50ml 리필기획(50ml+50ml),22.0,78.0,0.0,56.0,44.0,0.0,44.0,56.0,0.0,"비피다발효용해물,갈락토미세스발효여과물,부틸렌글라이콜,메틸글루세스-20,정제수,나이아신아마이드,피이지-90,1,2-헥산다이올,글리세린,스쿠알란,알테로모나스발효추출물,실크추출물,염소유추출물,소듐하이알루로네이트,판테놀,아데노신,글리세레스-26,잔탄검,폴리글리세릴-3다이스테아레이트,글리세릴스테아레이트에스이,글리세릴스테아레이트시트레이트,폴리글리세릴-3메틸글루코오스다이스테아레이트,카보머,트로메타민,에틸헥실글리세린,카프릴릴글라이콜,트로폴론,다이소듐이디티에이",skin_type2,skin_trouble1
아이디얼 포 맨 프레시 올인원 젤 로션 1+1 한정기획,20.0,52.0,29.0,54.0,43.0,3.0,66.0,34.0,0.0,"정제수,메틸프로판다이올,다이프로필렌글라이콜,1,2-헥산다이올,나이아신아마이드,아이소헥사데칸,세테아릴에틸헥사노에이트,검정콩추출물,티트리추출물,흰버드나무껍질추출물,귀리커넬추출물,봉의꼬리추출물,아티초크잎추출물,당느릅나무뿌리추출물,줄맨드라미씨추출물,검은깨추출물,율무씨추출물,흑미추출물,플랑크톤추출물,녹차수,소듐하이알루로네이트,하이드로제네이티드레시틴,아크릴레이트/C10-30알킬아크릴레이트크로스폴리머,알지닌,글리세린,부틸렌글라이콜,에틸헥실글리세린,알란토인,소듐아크릴릭애씨드/엠에이코폴리머,소듐아크릴레이트코폴리머,카프릴릭/카프릭트라이글리세라이드,프로테아제,다이포타슘글리시리제이트,에탄올,폴리쿼터늄-51,베타-글루칸,카프릴릴글라이콜,레시틴,매스틱검,다이메틸실란올하이알루로네이트,하이드롤라이즈드소듐하이알루로네이트,하이드롤라이즈드하이알루로닉애씨드,산소,트로폴론,포타슘하이알루로네이트,하이알루로닉애씨드,해수,소듐하이알루로네이트크로스폴리머,하이드록시프로필트라이모늄하이알루로네이트,소듐하이알루로네이트다이메틸실란올,소듐아세틸레이티드하이알루로네이트,마데카소사이드,향료,부틸페닐메틸프로피오날,리모넨",skin_type2,skin_trouble1
[6월 올영픽/단독기획] 토리든 다이브인 저분자 히알루론산 세럼 50ml 리필기획(+리필팩 50ml),36.0,53.0,11.0,76.0,24.0,1.0,82.0,18.0,1.0,"[다이브인세럼]정제수,부틸렌글라이콜,글리세린,다이프로필렌글라이콜,1,2-헥산다이올,판테놀,소듐하이알루로네이트,하이드롤라이즈드하이알루로닉애씨드(500ppm),소듐아세틸레이티드하이알루로네이트,소듐하이알루로네이트크로스폴리머,하이드롤라이즈드소듐하이알루로네이트,알란토인,트레할로스,베타인,프로판다이올,쇠비름추출물,버지니아풍년화추출물,마데카소사이드,마데카식애씨드,세라마이드엔피,베타-글루칸,말라카이트추출물,콜레스테롤,펜틸렌글라이콜,글리세릴아크릴레이트/아크릴릭애씨드코폴리머,피브이엠/엠에이코폴리머,폴리글리세릴-10라우레이트,잔탄검,트로메타민,카보머,에틸헥실글리세린,황금추출물,모란뿌리추출물",skin_type2,skin_trouble1
[3년연속어워즈] 아누아 어성초 77 수딩 토너 350ml 리필 기획세트(350ml+350ml리필),27.0,54.0,19.0,32.0,66.0,2.0,75.0,25.0,1.0,"약모밀추출물(77%),정제수,1,2-헥산다이올,글리세린,베타인,병풀추출물,체이스트트리추출물,우엉뿌리추출물,진흙버섯추출물,쇠비름추출물,포도추출물,사과추출물,사탕수수추출물,판테놀,마트리카리아꽃추출물,소듐하이알루로네이트,하이드록시프로필트라이모늄하이알루로네이트,하이드롤라이즈드하이알루로닉애씨드,소듐아세틸레이티드하이알루로네이트,하이알루로닉애씨드,소듐하이알루로네이트크로스폴리머,포타슘하이알루로네이트,메틸프로판다이올,부틸렌글라이콜,아이소펜틸다이올,아크릴레이트/C10-30알킬아크릴레이트크로스폴리머,트로메타민,다이소듐이디티에이",skin_type2,skin_trouble2
[수분천재크림] 에스네이처 아쿠아 스쿠알란 수분크림 60ml 기획 (60ml+30ml),35.0,56.0,9.0,78.0,20.0,2.0,77.0,23.0,1.0,"정제수,스쿠알란(150,000ppm),글리세린,1,2-헥산다이올,베타인,판테놀,소듐하이알루로네이트,하이드롤라이즈드콜라겐,하이드록시프로필트라이모늄하이알루로네이트,하이드롤라이즈드하이알루로닉애씨드,소듐아세틸레이티드하이알루로네이트,아세틸헥사펩타이드-8,아데노신,하이알루로닉애씨드,하이드롤라이즈드소듐하이알루로네이트,소듐하이알루로네이트크로스폴리머,포타슘하이알루로네이트,아크릴레이트/C10-30알킬아크릴레이트크로스폴리머,알지닌,알란토인,자일리틸글루코사이드,안하이드로자일리톨,자일리톨,글루코오스,부틸렌글라이콜,암모늄아크릴로일다이메틸타우레이트/브이피코폴리머,카프릴릴글라이콜",skin_type2,skin_trouble1
라운드랩 소나무 진정 시카 앰플 30ml 더블기획 (+크림 50ml),21.0,60.0,19.0,17.0,83.0,0.0,76.0,24.0,1.0,"[소나무앰플]정제수,부틸렌글라이콜,다이프로필렌글라이콜,글리세레스-26,글리세린,소나무잎추출물(10,022ppm),1,2-헥산다이올,프로판다이올,하이알루로닉애씨드,하이드롤라이즈드하이알루로닉애씨드,소듐하이알루로네이트,에틸헥실글리세린,병풀추출물(111.22ppm),인도멀구슬나무잎추출물,황련뿌리추출물,인도멀구슬나무꽃추출물,하이드록시아세토페논,글라이코프로테인(2.0044ppm),소듐시트레이트,카프릴로일살리실릭애씨드,아시아티코사이드(0.1002ppm),아시아틱애씨드(0.1002ppm),마데카소사이드(0.1002ppm),마데카식애씨드(0.1002ppm),다이소듐이디티에이,잔탄검,카보머,트로메타민,시트릭애씨드[소나무크림]정제수,부틸렌글라이콜,글리세린,카프릴릭/카프릭트라이글리세라이드,1,2-헥산다이올,소나무잎추출물(10,020ppm),하이알루로닉애씨드,하이드롤라이즈드하이알루로닉애씨드,소듐하이알루로네이트,에틸헥실글리세린,카카오씨추출물,인도멀구슬나무꽃추출물,인도멀구슬나무잎추출물,병풀추출물(100.2ppm),녹차추출물,오카무라큰실말추출물,흰버드나무껍질추출물,커피콩추출물,베르가모트잎추출물,병풀잎추출물(10.6ppm),세테아릴알코올,프로판다이올,소듐폴리아크릴레이트,세테아릴올리베이트,솔비탄올리베이트,글루코노락톤,카프릴로일살리실릭애씨드,덱스트린,글라이코프로테인(2.004ppm),에틸헥실스테아레이트,바이오사카라이드검-1,아시아티코사이드(0.1002ppm),아시아틱애씨드(0.1002ppm),마데카소사이드(0.1002ppm),마데카식애씨드(0.1002ppm),데실글루코사이드,솔비탄아이소스테아레이트,하이드록시에틸셀룰로오스,하이드록시에틸아크릴레이트/소듐아크릴로일다이메틸타우레이트코폴리머,트라이데세스-6,다이소듐이디티에이",skin_type2,skin_trouble2
[톤업잡티] 이니스프리 비타C 잡티 토닝 세럼 30ml 기획 (+20ml),26.0,61.0,13.0,17.0,22.0,61.0,67.0,29.0,4.0,"정제수,프로판다이올,1,2-헥산다이올,글리세린,3-O-에틸아스코빅애씨드(20,000ppm),부틸렌글라이콜,락토바실러스발효용해물,스쿠알란,해바라기씨오일,덱스트린,아크릴레이트/C10-30알킬아크릴레이트크로스폴리머,카프릴릭/카프릭트라이글리세라이드,트로메타민,잔탄검,글루코노락톤,만다린껍질추출물,판테놀,나이아신아마이드,알란토인,당근추출물,하이알루로닉애씨드,펜틸렌글라이콜,소듐메타포스페이트,실리카다이메틸실릴레이트,사이클로덱스트린,토코페롤,에틸헥실글리세린,마데카소사이드,하이드로제네이티드폴리(C6-20올레핀),프로테아제(150ppm)*,아스코빌테트라이소팔미테이트(100ppm),글루타티온,서양톱풀추출물,에이치디아이/트라이메틸올헥실락톤크로스폴리머,베타-카로틴,페룰릭애씨드",skin_type2,skin_trouble3
[1등토너] 라운드랩 1025 독도 토너 500ml 기획 (+200ml+ 마스크팩 1매),29.0,60.0,11.0,52.0,48.0,0.0,76.0,24.0,1.0,"[독도토너]정제수,부틸렌글라이콜,글리세린,펜틸렌글라이콜,프로판다이올,아이리쉬모스추출물,사탕수수추출물,해수,1,2-헥산다이올,프로테아제,베타인,판테놀,에틸헥실글리세린,알란토인,잔탄검,다이소듐이디티에이[독도워터겔마스크]정제수,글리세린,다이프로필렌글라이콜,부틸렌글라이콜,1,2-헥산다이올,해수,하이드록시프로필트라이모늄하이알루로네이트,소듐아세틸레이티드하이알루로네이트,하이드롤라이즈드하이알루로닉애씨드,하이알루로닉애씨드,소듐하이알루로네이트크로스폴리머,하이드롤라이즈드소듐하이알루로네이트,포타슘하이알루로네이트,소듐하이알루로네이트,프로테아제,류신,라이신,페닐알라닌,트립토판,발린,트레오닌,아이소류신,메티오닌,알란토인,베타인,판테놀,다이포타슘글리시리제이트,글루코오스,자일리틸글루코사이드,안하이드로자일리톨,자일리톨,에틸헥실글리세린,소듐파이테이트,카보머,알지닌",skin_type2,skin_trouble1
[6월 올영픽/아일릿 이로하PICK]바이오더마 하이드라비오 토너 500ml 기획 (+양면 토너패드 50매),37.0,53.0,10.0,70.0,30.0,0.0,79.0,21.0,0.0,"정제수,글리세린,폴리솔베이트20,다이소듐이디티에이,세트리모늄브로마이드,향료,나이아신아마이드,자일리톨,알란토인,프룩토올리고사카라이드,만니톨,헥실데칸올,소듐하이드록사이드,시트릭애씨드,람노오스,사과씨추출물,유채스테롤,토코페롤",skin_type2,skin_trouble1
[속건조해결] 웰라쥬 리얼 히알루로닉 블루 100 앰플 100ml 기획 (+원데이키트2ea),33.0,53.0,14.0,74.0,26.0,1.0,81.0,19.0,1.0,"'정제수,프로판다이올,펜틸렌글라이콜,글리세린,1,2-헥산다이올,판테놀,참마뿌리추출물,인도멀구슬나무잎추출물,인도멀구슬나무꽃추출물,아이비고드열매추출물,카바카바잎/뿌리/줄기추출물,병풀추출물,인삼열매추출물,가지열매추출물,알로에베라꽃추출물,홀리바질잎추출물,울금뿌리추출물,참산호말추출물,갈랑가갈랑갈추출물,소듐하이알루로네이트(1,000ppm),하이드로제네이티드레시틴,메틸프로판다이올,소듐아크릴릭애씨드/엠에이코폴리머,부틸렌글라이콜,잔탄검,소듐시트레이트,글라이코실트레할로오스,하이드로제네이티드스타치하이드롤리세이트,아데노신,시트릭애씨드,라피노오스,레시틴,폴리쿼터늄-51,베타-글루칸,사카라이드아이소머레이트,사이아노코발아민,바이오사카라이드검-1,카프릴릭/카프릭트라이글리세라이드,소듐스테아로일글루타메이트,수크로오스라우레이트,글라이신,세린,알지닌,히스티딘,리솔레시틴,하이드롤라이즈드소듐하이알루로네이트(0.1ppm),토코페롤,벤질글라이콜,하이드롤라이즈드글라이코사미노글리칸(0.0056ppm),소듐아세틸레이티드하이알루로네이트(0.000002ppm),소듐하이알루로네이트크로스폴리머(0.001ppm),하이드록시프로필트라이모늄하이알루로네이트(0.0001ppm),하이드롤라이즈드하이알루로닉애씨드(0.0005ppm),하이알루로닉애씨드(0.00001ppm),에틸헥실글리세린,카프릴릴글라이콜",skin_type2,skin_trouble1
[7월 올영픽/24시간수분잠금] 아비브 수분초 히알루론 크림 하이드레이팅 팟 80ml 1+1 기획,22.0,67.0,11.0,78.0,22.0,0.0,100.0,0.0,0.0,"정제수,돌나물추출물,글리세린,세틸에틸헥사노에이트,카프릴릭/카프릭트라이글리세라이드,펜틸렌글라이콜,베타인,퀸즈랜드넛오일,1,2-헥산다이올,소듐하이알루로네이트,소듐하이알루로네이트크로스폴리머,하이드롤라이즈드소듐하이알루로네이트,하이드롤라이즈드하이알루로닉애씨드,하이알루로닉애씨드,하이드록시프로필트라이모늄하이알루로네이트,소듐아세틸레이티드하이알루로네이트,포타슘하이알루로네이트,알란토인,판테놀,피토스테롤,베타-글루칸,세라마이드엔피,알지닌,포스포리피드,콜레스테롤,토코페롤,하이드롤라이즈드식물성단백질,마데카소사이드,아시아티코사이드,병풀잎추출물,클로렐라불가리스추출물,트로메타민,글루코오스,하이드록시아세토페논,부틸렌글라이콜,프룩토올리고사카라이드,프룩토오스,하이드록시에틸아크릴레이트/소듐아크릴로일다이메틸타우레이트코폴리머,에틸헥실글리세린,세테아릴올리베이트,다이포타슘글리시리제이트,솔비탄올리베이트,라우로일라이신,소듐파이테이트,하이드로제네이티드레시틴,말토덱스트린,구아하이드록시프로필트라이모늄클로라이드,카보머",skin_type2,skin_trouble1
에스트라 아토베리어365 크림 80ml 기획 (+하이드로에센스 25ml+리제덤세럼 7ml),56.0,40.0,4.0,78.0,22.0,1.0,79.0,21.0,1.0,"정제수,부틸렌글라이콜,글리세린,부틸렌글라이콜다이카프릴레이트/다이카프레이트,세틸에틸헥사노에이트,스쿠알란,펜타에리스리틸테트라아이소스테아레이트,다이카프릴릴카보네이트,베헤닐알코올,다이메티콘,하이드록시프로필비스팔미타마이드엠이에이,스테아릭애씨드,베타인,만니톨,C14-22알코올,팔미틱애씨드,하이드록시프로필비스라우라마이드엠이에이,아라키딜알코올,콜레스테롤,폴리아크릴레이트-13,C12-20알킬글루코사이드,알란토인,아라키딜글루코사이드,나이아신아마이드,세라마이드엔피,글리세릴카프릴레이트,에틸헥실글리세린,하이드로제네이티드폴리아이소부텐,카보머,트로메타민,다이메티콘올,폴리글리세릴-10라우레이트,하이드로제네이티드레시틴,에틸헥실팔미테이트,아크릴레이트/암모늄메타크릴레이트코폴리머,솔비탄아이소스테아레이트,실리카,피토스핑고신,스핑고리피드,아라키딕애씨드,토코페롤,올레익애씨드",skin_type1,skin_trouble1
[크림본품증정] 라운드랩 자작나무 수분 크림 80ml 1+1 기획 (+50ml),37.0,51.0,12.0,65.0,35.0,0.0,77.0,23.0,1.0,"정제수,글리세린,아이소노닐아이소노나노에이트,아이소도데케인,1,2-헥산다이올,펜틸렌글라이콜,폴리데센,자작나무수액(10,000ppm),호호바에스터,판테놀,글리세릴글루코사이드,아라비아고무나무검,하이드롤라이즈드오크라추출물,소듐하이알루로네이트,하이알루로닉애씨드,화이트루핀씨추출물,드럼스틱씨추출물,인도멀구슬나무잎추출물,인도멀구슬나무꽃추출물,아이비고드열매추출물,알로에베라꽃추출물,가지열매추출물,홀리바질잎추출물,참산호말추출물,울금뿌리추출물,아스코빅애씨드,펜타에리스리틸테트라에틸헥사노에이트,암모늄아크릴로일다이메틸타우레이트/브이피코폴리머,폴리글리세릴-3메틸글루코오스다이스테아레이트,아크릴레이트/C10-30알킬아크릴레이트크로스폴리머,트로메타민,글리세릴아크릴레이트/아크릴릭애씨드코폴리머,에틸헥실글리세린,아가,다이포타슘글리시리제이트,글리세릴카프릴레이트,부틸렌글라이콜,다이소듐이디티에이",skin_type2,skin_trouble1
아벤느 오 떼르말 300ml 2입 기획,35.0,52.0,13.0,45.0,55.0,1.0,82.0,18.0,1.0,아벤느온천수(아쿠아),skin_type2,skin_trouble2
[모공+피부결] 넘버즈인 3번 보들보들 결 세럼 80ml 기획(+3번 결 세럼팩),32.0,59.0,10.0,52.0,31.0,17.0,56.0,37.0,7.0,"[세럼]비피다발효용해물,갈락토미세스발효여과물,부틸렌글라이콜,메틸글루세스-20,정제수,나이아신아마이드,피이지-90,1,2-헥산다이올,글리세린,스쿠알란,알테로모나스발효추출물,실크추출물,염소유추출물,소듐하이알루로네이트,판테놀,아데노신,글리세레스-26,잔탄검,폴리글리세릴-3다이스테아레이트,글리세릴스테아레이트에스이,글리세릴스테아레이트시트레이트,폴리글리세릴-3메틸글루코오스다이스테아레이트,카보머,트로메타민,에틸헥실글리세린,카프릴릴글라이콜,트로폴론,다이소듐이디티에이[마스크팩]정제수,비피다발효용해물,갈락토미세스발효여과물,메틸글루세스-20,글리세레스-26,글리세린,나이아신아마이드,피이지-90,1,2-헥산다이올,페퍼민트잎추출물,버지니아풍년화추출물,녹차추출물,캐모마일꽃추출물,레몬그라스잎오일,솔잣나무가지/잎오일,오렌지껍질오일,라벤더오일,로즈마리잎오일,아틀라스시다나무껍질오일,알테로모나스발효추출물,염소유추출물,실크추출물,스쿠알란,소듐하이알루로네이트,판테놀,부틸렌글라이콜,폴리글리세릴-3메틸글루코오스다이스테아레이트,폴리글리세릴-3다이스테아레이트,글리세릴스테아레이트시트레이트,글리세릴스테아레이트에스이,카프릴릴글라이콜,옥틸도데세스-16,잔탄검,카보머,트로메타민,에탄올,에틸헥실글리세린,아데노신,다이소듐이디티에이,리모넨,리날룰,시트랄",skin_type2,skin_trouble1
브링그린 티트리시카수딩크림플러스 더블한정기획(+토너250)(배스킨콜라보),13.0,56.0,31.0,21.0,79.0,2.0,61.0,36.0,3.0,"[티트리시카수딩크림플러스]정제수,티트리추출물,병풀추출물,부틸렌글라이콜,스쿠알란,티트리잎추출물,티트리잎수,프로판다이올,1,2-헥산다이올,나이아신아마이드,펜틸렌글라이콜,폴리글리세릴-3메틸글루코오스다이스테아레이트,다이글리세린,티트리꽃/잎/줄기추출물,티트리잎오일,하이드록시에틸아크릴레이트/소듐아크릴로일다이메틸타우레이트코폴리머,폴리메틸실세스퀴옥세인,아크릴레이트/C10-30알킬아크릴레이트크로스폴리머,트로메타민,솔비탄아이소스테아레이트,마데카소사이드,에틸헥실글리세린[티트리시카수딩토너]티트리추출물,정제수,다이프로필렌글라이콜,티트리잎추출물,티트리잎수,병풀추출물,1,2-헥산다이올,부틸렌글라이콜,티트리꽃/잎/줄기추출물,베타인,판테놀,옥틸도데세스-16,소듐시트레이트,시트릭애씨드,티트리잎오일,베타인살리실레이트,잔탄검",skin_type2,skin_trouble2
[한정기획] 피지오겔 사이언수티컬즈 데일리뮨 앰플 세럼 20ml+글로우에센스 20ml+마스크팩 1매 기획,41.0,52.0,7.0,37.0,25.0,38.0,59.0,37.0,4.0,"정제수,다이프로필렌글라이콜,프로판다이올,아스코빅애씨드,2,3-부탄다이올,글리세린,변성알코올,판테놀,글라이코실트레할로오스,하이드로제네이티드스타치하이드롤리세이트,1,2-헥산다이올,솔비톨,폴리글리세릴-10스테아레이트,폴리글리세릴-10올리에이트,알란토인,마데카소사이드,트레할로오스,부틸렌글라이콜,베티버뿌리오일,덱스트린,소듐하이알루로네이트,잇꽃꽃추출물,카카오씨추출물,후추열매오일,생강오일,홍삼추출물,영지버섯추출물,토코페롤,페룰릭애씨드,스쿠알란,카프릴릭/카프릭트라이글리세라이드,세라마이드엔피,하이드로제네이티드레시틴,육계잎오일,다마스크장미꽃오일,돌콩오일,다이소듐이디티에이,트로메타민",skin_type2,skin_trouble3
[단독기획] 토리든 다이브인 저분자 히알루론산 토너 500ml 기획 (+화장솜 60매 증정),33.0,54.0,13.0,60.0,40.0,1.0,76.0,24.0,1.0,"1.다이브인저분자히알루론산토너500ml(본품)정제수,부틸렌글라이콜,다이프로필렌글라이콜,1,2-헥산다이올,글리세린,베타인,알란토인,판테놀,쇠비름추출물,트레할로오스,소듐하이알루로네이트,하이드롤라이즈드하이알루로닉애씨드(100ppm),소듐하이알루로네이트크로스폴리머,하이드롤라이즈드소듐하이알루로네이트,소듐아세틸레이티드하이알루로네이트,2,3-부탄다이올,펜틸렌글라이콜,말라카이트추출물,다이소듐이디티에이,에틸헥실글리세린",skin_type2,skin_trouble1
[화해1위/수분쿨링진정] 에스네이처 아쿠아 오아시스 수분 젤크림 90ml 기획 (+카밍패드 2매),20.0,48.0,32.0,41.0,59.0,1.0,72.0,28.0,1.0,"젤크림:정제수,글리세린,부틸렌글라이콜,1,2-헥산다이올,블루아가베잎추출물,알란토인,소듐하이알루로네이트,하이드록시프로필트라이모늄하이알루로네이트,하이드롤라이즈드하이알루로닉애씨드,소듐아세틸레이티드하이알루로네이트,하이알루로닉애씨드,하이드롤라이즈드소듐하이알루로네이트,소듐하이알루로네이트크로스폴리머,포타슘하이알루로네이트,알지닌,메틸트라이메티콘,에틸헥실글리세린,암모늄아크릴로일다이메틸타우레이트/브이피코폴리머,하이드록시에틸아크릴레이트/소듐아크릴로일다이메틸타우레이트코폴리머,아크릴레이트/C10-30알킬아크릴레이트크로스폴리머,하이드로제네이티드폴리(C6-14올레핀),메틸다이아이소프로필프로피온아마이드,다이메티콘/비닐다이메티콘크로스폴리머,솔비탄아이소스테아레이트,다이소듐이디티에이카밍패드:정제수,프로판다이올,부틸렌글라이콜,판테놀(30,000ppm),다이프로필렌글라이콜,글리세릴글루코사이드,소듐피씨에이베타인,알란토인(1,500ppm),글루코노락톤,글리세린,소듐하이알루로네이트,사카라이드아이소머레이트,보검선인장줄기추출물,하이드록시프로필트라이모늄하이알루로네이트,하이드롤라이즈드하이알루로닉애씨드,소듐아세틸레이티드하이알루로네이트,하이알루로닉애씨드,하이드롤라이즈드소듐하이알루로네이트,소듐하이알루로네이트크로스폴리머,포타슘하이알루로네이트,탱자추출물,다이포타슘글리시리제이트,효모발효물,락토바실러스발효물,에틸헥실글리세린,카프릴릴글라이콜,트로메타민,1,2-헥산다이올,소듐파이테이트,하이드록시아세토페논,글리세릴아크릴레이트/아크릴릭애씨드코폴리머,피브이엠/엠에이코폴리머",skin_type2,skin_trouble2
[7월 올영픽] 빌리프 슈퍼드랍스 비타C토닝 세럼 50ml 기획(+멀티비타민 마스크 25ml),33.0,62.0,5.0,29.0,9.0,62.0,84.0,16.0,0.0,"[본품비타C토닝세럼]정제수,부틸렌글라이콜,나이아신아마이드,프로판다이올,2,3-부탄다이올,1,2-헥산다이올,글리세린,아이소펜틸다이올,판테놀,레몬밤꽃/잎/줄기수*,로즈마리잎수*,타임잎추출물*,유칼립투스잎추출물*,폴스애플민트잎추출물*,로즈힙열매추출물*,베타인,아스코빅애씨드,글루타티온,폴리글리세릴-10스테아레이트,폴리글리세릴-10올리에이트,효모발효여과물,겨우살이추출물,락토바실러스/콩발효추출물,알란토인,트레할로오스,띠뿌리추출물,암모늄폴리아크릴로일다이메틸타우레이트,잔탄검,카보머,소듐글루코네이트,피브이엠/엠에이코폴리머,소듐시트레이트,소듐하이알루로네이트,트로메타민,시트릭애씨드,하이드롤라이즈드옥수수전분,수크로오스,락틱애씨드,오렌지껍질오일+,라임전초오일+,센티드제라늄꽃오일+,로즈마리잎오일+,리모넨,시트로넬올,제라니올,시트랄,리날룰*표시:beliforiginalformula/+표시:식물유래향[증정멀티비타민마스크]정제수,글리세린,해바라기씨오일,다이카프릴릴카보네이트,글리세릴스테아레이트,1,2-헥산다이올,세틸알코올,베타인,판테놀,폴리글리세릴-3메틸글루코오스다이스테아레이트,세테아릴올리베이트,글리세릴스테아레이트시트레이트,스테아릭애씨드,부틸렌글라이콜,마카다미아씨오일폴리글리세릴-6에스터스베헤네이트,솔비탄올리베이트,락토바실러스/콩발효추출물,효모/감자추출물발효여과물,효모/보리씨발효여과물,트로메타민,나이아신아마이드(100ppm),토코페롤(84.75ppm),귀리커넬추출물*,포트마리골드꽃추출물*,개박하추출물*,라즈베리잎추출물*,와일드인디고뿌리추출물*,별꽃추출물,레이디스맨틀잎추출물+,마시멜로뿌리추출물+,다마스크장미꽃추출물+,메도우스위트꽃추출물+,삼색제비꽃추출물+,아스코빅애씨드(1ppm),사이아노코발아민(1ppm),카보머,말토덱스트린,돌콩오일,소듐시트레이트,오일팜오일,시트릭애씨드,트라이소듐이디티에이,잔탄검,라임전초오일**,센티드제라늄꽃오일**,로즈마리잎오일**,오렌지껍질오일**,리모넨,시트로넬올,제라니올,시트랄,리날룰*표시:Napiersoriginalformula/+표시:Napiersmoistureformula/**표시:식물유래향",skin_type2,skin_trouble3
한율 보들은행잎 모공핏 세럼 40ml (+7ml+모공핏 마스크 1매 증정기획),21.0,60.0,19.0,35.0,27.0,38.0,62.0,33.0,5.0,"정제수,나이아신아마이드,글리세린,베타인,글루코노락톤,부틸렌글라이콜,다이프로필렌글라이콜,시트릭애씨드,다이메틸아이소소바이드,트로메타민,카페인,다이에톡시에틸석시네이트,살리실릭애씨드,폴리글리세릴-10라우레이트,1,2-헥산다이올,펙틴,피피지-13-데실테트라데세스-24,향료,에틸헥실글리세린,타우린,소듐메타포스페이트,아데노신,카프릴릴글라이콜,칼슘클로라이드,락토바실러스발효물,황련뿌리추출물,은행나무잎추출물(40ppm),아세틸테트라펩타이드-2,토코페롤,풀루란,제인",skin_type2,skin_trouble3
쏘내추럴 올 데이 메이크업 픽서 더블기획 (120ml+120ml),22.0,59.0,19.0,52.0,39.0,9.0,63.0,37.0,1.0,"정제수,폴리에스터-5,변성알코올,하이드롤라이즈드밀단백질,소듐하이알루로네이트,레몬추출물,서양톱풀추출물,아르니카몬타나꽃추출물,쓴쑥추출물,겐티아나뿌리추출물,티트리잎추출물,병풀추출물,프로판다이올,폴리글리세릴-2올리에이트,피이지-60하이드로제네이티드캐스터오일,옥틸도데세스-16,에틸헥실글리세린,판테놀,에탄올,페녹시에탄올,소듐벤조에이트,포타슘솔베이트,향료,리모넨",skin_type2,skin_trouble1
[화잘먹크림/단독기획]더하르나이 시카이드 크림 100ml + 30ml 기획,36.0,56.0,8.0,63.0,37.0,1.0,82.0,18.0,1.0,"정제수,글리세린,부틸렌글라이콜,다이프로필렌글라이콜,사이클로펜타실록세인,세테아릴올리베이트,세테아릴알코올,시어버터,트레할로오스,소듐하이알루로네이트크로스폴리머,하이알루로닉애씨드,소듐하이알루로네이트,하이드롤라이즈드하이알루로닉애씨드,하이드롤라이즈드글라이코사미노글리칸,하이드로제네이티드레시틴,매실추출물,인동덩굴꽃추출물,황금추출물,티트리잎추출물,세라마이드엔피,병풀추출물,마데카소사이드,마데카식애씨드,아시아티코사이드,아시아틱애씨드,카르노신,글루타티온,아세틸헥사펩타이드-8,카퍼트라이펩타이드-1,아세틸테트라펩타이드-3,아세틸테트라펩타이드-5,팔미토일테트라펩타이드-7,팔미토일트라이펩타이드-1,팔미토일트라이펩타이드-5,팔미토일펜타펩타이드-4,1,2-헥산다이올,다이메티콘,솔비탄올리베이트,암모늄아크릴로일다이메틸타우레이트/브이피코폴리머,글리세릴스테아레이트,폴리글리세릴-3메틸글루코오스다이스테아레이트,펜틸렌글라이콜,소듐아크릴레이트/소듐아크릴로일다이메틸타우레이트코폴리머,카프릴릴글라이콜,아이소헥사데칸,알란토인,폴리솔베이트80,잔탄검,판테놀,프로판다이올,옥틸도데칸올,솔비탄올리에이트,다이소듐이디티에이,아디픽애씨드,에틸헥실글리세린,벤질글라이콜,라즈베리케톤",skin_type2,skin_trouble1
[수분 진정] 리얼베리어 익스트림 크림 라이트 70ml 1+1 리필 기획,36.0,58.0,6.0,73.0,27.0,0.0,75.0,25.0,0.0,"정제수,메틸프로판다이올,카프릴릭/카프릭트라이글리세라이드,사이클로펜타실록세인,미리스토일/팔미토일옥소스테아라마이드/아라카마이드엠이에이,판테놀(29,700ppm),솔비탄스테아레이트,세테아릴알코올,하이드록시에틸우레아,식물성스쿠알란,글리세릴스테아레이트시트레이트,1,2-헥산다이올,카놀라오일,글리세린,소듐아크릴릭애씨드/엠에이코폴리머,카프릴릴글라이콜,알지닌,알란토인,카보머,토코페롤,부틸렌글라이콜,다이하이드록시아이소프로필팔모일팜아마이드,피토스테롤,잔탄검,해바라기씨오일,카프로일메틸세리네이트,엑토인,프로판다이올,소듐하이알루로네이트,소듐하이알루로네이트크로스폴리머,하이드롤라이즈드글라이코사미노글리칸,비스-카프릴로일옥시팔미타미도아이소프로판올,마데카소사이드,하이드롤라이즈드하이알루로닉애씨드,광곽향오일,살비아오일,벤질글라이콜,하이드록시프로필트라이모늄하이알루로네이트,소두구씨오일,캐모마일꽃오일,콘민트오일,베타-글루칸,리놀레익애씨드,멕시칸주니퍼오일,소듐아세틸레이티드하이알루로네이트,에틸헥실글리세린,하이알루로닉애씨드,라즈베리케톤",skin_type2,skin_trouble1
[1+1+증정]닥터지 레드 블레미쉬 바쿠치올 포어젯 세럼 30ml 리필 기획 (+크림 10ml),28.0,62.0,11.0,40.0,31.0,29.0,82.0,18.0,1.0,"정제수,프로판다이올,나이아신아마이드,부틸렌글라이콜,카프릴릭/카프릭트라이글리세라이드,글리세린,폴리글리세릴-3다이스테아레이트,메틸트라이메티콘,스쿠알란,1,2-헥산다이올,판테놀,글리세릴스테아레이트,폴리글리세릴-6스테아레이트,세테아릴알코올,지치뿌리추출물,다이페닐다이메티콘,바쿠치올(2,000ppm),카프릴릴글라이콜,트라이에틸헥사노인,카보머,하이드록시에틸아크릴레이트/소듐아크릴로일다이메틸타우레이트코폴리머,트로메타민,토코페롤,알란토인,다이포타슘글리시리제이트,잔탄검,글리세릴스테아레이트시트레이트,폴리글리세릴-10올리에이트,하이드로제네이티드레시틴,다이소듐이디티에이,아데노신,폴리글리세릴-6베헤네이트,에틸헥실글리세린,병풀잎추출물,다이프로필렌글라이콜,프룩토올리고사카라이드,솔비탄아이소스테아레이트,서양배추출물,서양송악잎/줄기추출물,세틸에틸헥사노에이트,사과추출물,비치스트로베리추출물,소듐하이알루로네이트크로스폴리머,하이드롤라이즈드콜라겐,소듐아스코빌포스페이트,라벤더꽃추출물,세라마이드엔피,콜레스테롤,리놀레익애씨드,팔미틱애씨드,소듐하이알루로네이트,흰목이버섯폴리사카라이드,사과세포배양추출물,병풀추출물,소듐디엔에이",skin_type2,skin_trouble1
[판매량 1억개 돌파/대용량] AHC 텐 레볼루션 리얼 아이크림 포 페이스 더블 기획,39.0,58.0,3.0,40.0,22.0,38.0,62.0,36.0,2.0,"하이드롤라이즈드콜라겐추출물,글리세린,다이프로필렌글라이콜,비피다발효용해물,하이드로제네이티드폴리데센,사이클로헥사실록세인,카프릴릭/카프릭트라이글리세라이드,다이카프릴릴카보네이트,정제수,나이아신아마이드,카프릴릭/카프릭/석시닉트라이글리세라이드,세테아릴알코올,1,2-헥산다이올,글리세릴스테아레이트에스이,펜타에리스리틸스테아레이트/카프레이트/카프릴레이트/아디페이트,세틸알코올,시어버터,베타인,황벽나무껍질추출물,녹차추출물,구기자나무잎추출물,병풀추출물,무화과추출물,참마뿌리추출물,쌀추출물,알로에베라잎추출물,콜라겐추출물,슈도알테로모나스발효추출물,올레라케아아크멜라추출물,코튼씨추출물,토마토추출물,아보카도열매추출물,마카뿌리추출물,퉁퉁마디추출물,실론시나몬나무껍질추출물,바실러스/폴릭애씨드발효여과추출물,씨대퍼딜추출물,알바수련꽃추출물,밀펩타이드,리마콩씨추출물,하이드로제네이티드레시틴,코코넛야자오일,마카다미아씨오일,소듐하이알루로네이트,수용성콜라겐,녹차수,쌀배아오일,호호바씨오일,폴리글리세릴-10미리스테이트,세테아릴올리베이트,솔비탄올리베이트,메틸프로판다이올,폴리글리세릴-10라우레이트,다이메티콘/비닐다이메티콘크로스폴리머,폴리아크릴레이트-13,소듐스테아로일글루타메이트,베헤닐알코올,폴리글리세릴-10스테아레이트,비닐다이메티콘,부틸렌글라이콜,칸디다봄비콜라/글루코오스/메틸레이프씨데이트발효물,하이드로제네이티드폴리아이소부텐,알란토인,글라이코실트레할로오스,판테놀,하이드로제네이티드스타치하이드롤리세이트,잔탄검,아데노신,라피노오스,콜레스테롤,에틸헥실팔미테이트,다이소듐이디티에이,마이크로코쿠스발효용해물,솔비탄아이소스테아레이트,레시틴,프로판다이올,세라마이드엔피,폴리쿼터늄-51,소듐라우레이트,이눌린라우릴카바메이트,라우릭애씨드,사이아노코발아민,트로메타민,포타슘세틸포스페이트,인체줄기세포배양액(10ppm),하이드롤라이즈드콜라겐,콜라겐수,토코페릴아세테이트,바이오사카라이드검-1,자일리틸글루코사이드,스키조사카로미세스발효여과물,안하이드로자일리톨,자일리톨,코코일하이드롤라이즈드콜라겐,펜타에리스리틸테트라아이소스테아레이트,글라이코리피드,솔비탄라우레이트,글루코오스,소듐팔미토일프롤린,카프릴로일글라이신,포타슘코코일하이드롤라이즈드콜라겐,말토덱스트린,헥실렌글라이콜,스쿠알란,아스코빌프로필하이알루로네이트,하이드록시에틸셀룰로오스,하이드롤라이즈드루핀단백질,콜라겐,에칠아스코빌에텔,록샘파이어캘러스배양여과물,테트라하이드로피페린,아스코빅애씨드폴리펩타이드,콜라겐아미노산,만니톨,락틱애씨드,사코신,아세틸다이펩타이드-1세틸에스터,사카라이드하이드롤리세이트,하이드롤라이즈드식물성단백질,세틸하이드록시에틸셀룰로오스,다이펩타이드다이아미노부티로일벤질아마이드다이아세테이트,루틴,실리카다이메틸실릴레이트,락토바실러스발효물,다이메틸실란올하이알루로네이트,하이드롤라이즈드하이알루로닉애씨드,하이드롤라이즈드소듐하이알루로네이트,아세틸테트라펩타이드-9,알라닌,알지닌,아스파라진,아스파틱애씨드,시트룰린,시스테인,글루타믹애씨드,글루타민,글라이신,히스티딘,아이소류신,류신,라이신,메티오닌,오르니틴,페닐알라닌,프롤린,세린,타우린,트레오닌,트립토판,타이로신,발린,팔미토일트라이펩타이드-5,3-아스코빌카보닐다이펩타이드-17,카프릴로일다이펩타이드-17,아세틸글루타민,헵타소듐헥사카복시메틸다이펩타이드-12,다이포타슘포스페이트,하이알루로닉애씨드,포타슘하이알루로네이트,판토테닉애씨드,소듐하이알루로네이트크로스폴리머,하이드록시프로필트라이모늄하이알루로네이트,아세틸헥사펩타이드-8,글루코노락톤,소듐콘드로이틴설페이트,팔미틱애씨드,돌콩펩타이드,효모폴리펩타이드,소듐하이알루로네이트다이메틸실란올,스테아릭애씨드,소듐아세틸레이티드하이알루로네이트,아텔로콜라겐,팔미토일테트라펩타이드-7,팔미토일트라이펩타이드-1,카프릴로일에스에이치-노나펩타이드-6,알-소폴리펩타이드-1,귀리펩타이드,콩폴리펩타이드,소듐아스코빌포스페이트,마그네슘아스코빌포스페이트,아세틸옥타펩타이드-3,아세틸테트라펩타이드-11,칼슘글루코네이트,다이펩타이드-2,카퍼트라이펩타이드-1,아세틸테트라펩타이드-3,아세틸트라이펩타이드-1,노나펩타이드-1,아세틸테트라펩타이드-2,아세틸테트라펩타이드-5,트라이펩타이드-1,헥사펩타이드-2,헥사펩타이드-9,트라이펩타이드-2,다이펩타이드-1,펜타펩타이드-3,트라이펩타이드-3,알라닌/히스티딘/라이신폴리펩타이드카퍼에이치씨엘,다이펩타이드-4,올리고펩타이드-6,레티닐팔미테이트,바이오틴,아스코빅애씨드,리보플라빈,티아민에이치씨엘,폴릭애씨드,피리독신,메나다이온,미리스틱애씨드,팔미토일펜타펩타이드-4,팔미토일헥사펩타이드-12,팔미토일다이펩타이드-7,에스에이치-올리고펩타이드-1,에스에이치-폴리펩타이드-1,에스에이치-올리고펩타이드-2,에스에이치-폴리펩타이드-3,에스에이치-폴리펩타이드-4,에스에이치-폴리펩타이드-9,에스에이치-폴리펩타이드-11,에스에이치-폴리펩타이드-14,에스에이치-폴리펩타이드-16,에스에이치-폴리펩타이드-22,피토스테릴/베헤닐/옥틸도데실라우로일글루타메이트,폴리솔베이트80,하이드록시아세토페논,에틸헥실글리세린,카프릴릴글라이콜,펜틸렌글라이콜,소듐벤조에이트,향료",skin_type2,skin_trouble1
[7월 올영픽/쿨링진정] 아비브 어성초 카밍 토너 스킨부스터 더블 기획 (200ml+200ml),24.0,61.0,15.0,26.0,74.0,1.0,75.0,25.0,1.0,"정제수,약모밀추출물,글리세린,부틸렌글라이콜,펜틸렌글라이콜,자일리톨,비피다발효용해물,소듐하이알루로네이트,돌콩추출물,병풀추출물,하이드롤라이즈드하이알루로닉애씨드,황금추출물,파스향나무잎추출물,인동덩굴꽃추출물,베타인,1,2-헥산다이올,판테놀,에틸헥실글리세린,옥탄다이올,토코페롤,바이오사카라이드검-4,다이소듐이디티에이,잔탄검",skin_type2,skin_trouble2
에스트라 아토베리어365 하이드로 수딩크림 60ml 기획(+하이드로에센스25ml+선크림10ml),27.0,59.0,14.0,61.0,39.0,0.0,79.0,21.0,0.0,"정제수,프로판다이올,글리세린,페닐트라이메티콘,메틸트라이메티콘,1,2-헥산다이올,트레할로오스,다이카프릴릴카보네이트,암모늄아크릴로일다이메틸타우레이트/브이피코폴리머,하이드로제네이티드레시틴,하이드로제네이티드폴리아이소부텐,하이드록시에틸아크릴레이트/소듐아크릴로일다이메틸타우레이트코폴리머,세테아릴알코올,아크릴레이트/C10-30알킬아크릴레이트크로스폴리머,글리세릴카프릴레이트,글리세릴스테아레이트,트로메타민,다이소듐이디티에이,에틸헥실글리세린,스테아릭애씨드,팔미틱애씨드,폴리글리세릴-3메틸글루코오스다이스테아레이트,솔비탄아이소스테아레이트,만니톨,알지닌,세린,수크로오스,피씨에이,시트룰린,글라이코젠,히스티딘에이치씨엘,알라닌,토코페롤,하이드록시프로필비스팔미타마이드엠이에이,트레오닌,글루타믹애씨드,미리스틱애씨드,아라키딕애씨드,라이신에이치씨엘,아크릴레이트/암모늄메타크릴레이트코폴리머,콜레스테롤,실리카",skin_type2,skin_trouble1
[단독기획] 토리든 다이브인 저분자 히알루론산 수딩 크림 100ml 기획(+20ml),31.0,50.0,19.0,66.0,34.0,1.0,79.0,21.0,1.0,"정제수,부틸렌글라이콜,글리세린,1,2-헥산다이올,하이드로제네이티드다이데센,알란토인,트레할로오스,버지니아풍년화추출물,판테놀,하이드롤라이즈드하이알루로닉애씨드,소듐하이알루로네이트,소듐하이알루로네이트크로스폴리머,소듐아세틸레이티드하이알루로네이트,하이드롤라이즈드소듐하이알루로네이트,글리세릴아크릴레이트/아크릴릭애씨드코폴리머,피브이엠/엠에이코폴리머,하이드록시에틸아크릴레이트/소듐아크릴로일다이메틸타우레이트코폴리머,2,3-부탄다이올,세테아릴알코올,C14-22알코올,C12-20알킬글루코사이드,펜틸렌글라이콜,솔비탄아이소스테아레이트,카프릴릭/카프릭트라이글리세라이드,인도멀구슬나무잎추출물,인도멀구슬나무꽃추출물,아이비고드열매추출물,가지열매추출물,홀리바질잎추출물,울금뿌리추출물,참산호말추출물,클레리추출물,라벤더꽃추출물,히아신스전초추출물,마트리카리아꽃추출물,수레국화꽃추출물,보리지추출물,다이소듐이디티에이,카보머,트로메타민,잔탄검,글루타티온,말라카이트추출물,에틸헥실글리세린",skin_type2,skin_trouble1
[6월 올영픽/아일릿 원희PICK]바이오더마 하이드라비오 에센스로션 200ml 더블 기획,35.0,55.0,10.0,77.0,23.0,2.0,82.0,18.0,0.0,"정제수,메틸프로판다이올,나이아신아마이드,피피지-26-부테스-26,피이지-40하이드로제네이티드캐스터오일,소듐피씨에이,다이소듐이디티에이,살리실릭애씨드,하이드록시에틸셀룰로오스,만니톨,소듐시트레이트,토코페릴아세테이트,자일리톨,헥실데칸올,세트리모늄브로마이드,향료,벤조트라이아졸릴도데실p-크레솔,람노오스,소듐하이드록사이드,사과씨추출물,유채스테롤,토코페롤",skin_type2,skin_trouble1
라운드랩 1025 독도 로션 400ml 대용량,28.0,62.0,11.0,65.0,35.0,1.0,76.0,24.0,1.0,"정제수,글리세린,퀸즈랜드넛오일,1,2-헥산다이올,펜틸렌글라이콜,아이리쉬모스추출물,사탕수수추출물,해수,하이알루로닉애씨드,하이드롤라이즈드하이알루로닉애씨드,소듐하이알루로네이트,판테놀,스쿠알란,부틸렌글라이콜,폴리글리세릴-3메틸글루코오스다이스테아레이트,글리세릴스테아레이트,하이드로제네이티드폴리데센,하이드록시에틸아크릴레이트/소듐아크릴로일다이메틸타우레이트코폴리머,호호바에스터,카프릴릴글라이콜,트로메타민,소듐파이테이트,토코페롤,소듐카복시메틸베타-글루칸,에틸헥실글리세린,세테아릴알코올,카보머",skin_type2,skin_trouble1
에스트라 리제덤365 모공탄력 캡슐세럼 30ml+7ml 기획 (+리제덤 크림 10ml)(2405),27.0,63.0,10.0,40.0,27.0,33.0,75.0,25.0,1.0,"정제수,부틸렌글라이콜,나이아신아마이드,글리세린,다이메티콘,1,2-헥산다이올,하이드로제네이티드폴리데센,스테아릭애씨드,하이드록시프로필비스팔미타마이드엠이에이,만니톨,다이메티콘/비닐다이메티콘크로스폴리머,폴리메틸메타크릴레이트,카보머,티몰트라이메톡시신나메이트,소듐하이알루로네이트,잔탄검,글리세릴카프릴레이트,소듐스테아로일글루타메이트,소듐폴리아크릴로일다이메틸타우레이트,아크릴레이트/암모늄메타크릴레이트코폴리머,다이소듐이디티에이,에틸헥실글리세린,아데노신,트로메타민,콜레스테롤,덱스트린,카카오추출물,실리카,올레아놀릭애씨드,3-O-에틸아스코빅애씨드,하이드롤라이즈드익스텐신,호호바씨오일,폴리글리세릴-10라우레이트,토코페롤,하이드로제네이티드레시틴",skin_type2,skin_trouble1
[7일특가/흔적미백] 넘버즈인 5번 글루타치온씨 비타수액 에센셜 토너 200ml,36.0,57.0,7.0,26.0,16.0,58.0,64.0,34.0,2.0,"정제수,다이프로필렌글라이콜,글리세린,나이아신아마이드,1,2-헥산다이올,부틸렌글라이콜,폴리글리세린-3,비타민나무수,아크릴레이트/C10-30알킬아크릴레이트크로스폴리머,트로메타민,에리스리톨,펜틸렌글라이콜,3-O-에틸아스코빅애씨드,에틸헥실글리세린,폴리글리세릴-4카프레이트,아데노신,글루타티온,하이드로제네이티드레시틴,다이소듐이디티에이,마데카소사이드,황련뿌리추출물,데실글루코사이드,카프릴릴글라이콜,세라마이드엔피,아스코빅애씨드,비사보롤,판테놀,토코페롤,알부틴,아세틸헥사펩타이드-8,헥사펩타이드-9,노나펩타이드-1,팔미토일펜타펩타이드-4,팔미토일트라이펩타이드-1,팔미토일테트라펩타이드-7",skin_type2,skin_trouble3
[NEW/리뉴얼] 에스트라 아토베리어365 로션 150ml,51.0,45.0,4.0,74.0,26.0,1.0,77.0,23.0,1.0,"정제수,부틸렌글라이콜,글리세린,다이메티콘,스쿠알란,펜타에리스리틸테트라아이소스테아레이트,베타인,폴리글리세릴-3메틸글루코오스다이스테아레이트,부틸렌글라이콜다이카프릴레이트/다이카프레이트,카프릴릭/카프릭트라이글리세라이드,팔미틱애씨드,1,2-헥산다이올,스테아릭애씨드,하이드록시에틸아크릴레이트/소듐아크릴로일다이메틸타우레이트코폴리머,글리세릴스테아레이트,하이드록시프로필비스팔미타마이드엠이에이,글리세릴스테아레이트시트레이트,콜레스테롤,나이아신아마이드,다이메티콘올,하이드록시프로필비스라우라마이드엠이에이,베헤닐알코올,글리세릴카프릴레이트,카보머,다이소듐이디티에이,에틸헥실글리세린,트로메타민,솔비탄아이소스테아레이트,피토스핑고신,만니톨,세라마이드엔피,토코페롤,하이드로제네이티드레시틴,아크릴레이트/암모늄메타크릴레이트코폴리머,실리카,스핑고리피드,아라키딕애씨드,올레익애씨드",skin_type1,skin_trouble1
[400만개돌파/1등수분크림] 비욘드 엔젤아쿠아 수분진정크림 더블기획(150mlX2개입)(비건),31.0,54.0,15.0,61.0,39.0,1.0,77.0,23.0,1.0,"정제수,글리세린,부틸렌글라이콜,다이메티콘,사이클로펜타실록세인,1,2-헥산다이올,나일론-12,판테놀,다이메티콘올,소듐폴리아크릴레이트,카보머,트로메타민,트레할로오스,프로판다이올,다이프로필렌글라이콜,락토바실러스/콩발효추출물,트라이소듐이디티에이,말라카이트추출물,효모/감자추출물발효여과물,효모/보리씨발효여과물,가시대나무수액,자작나무수액,하늘타리뿌리추출물,소듐하이알루로네이트,하이드롤라이즈드하이알루로닉애씨드,전호추출물,마데카소사이드,포도덩굴수액,병풀추출물,녹차추출물,호장근뿌리추출물,황금추출물,개똥쑥추출물,님잎추출물,스페인감초뿌리추출물,마트리카리아꽃추출물,로즈마리잎추출물",skin_type2,skin_trouble1
[단독기획] 구달 청귤 비타C 잡티케어 세럼 30ml 기획 (+세럼 10ml +마스크팩 1매 증정),28.0,62.0,10.0,25.0,27.0,48.0,61.0,35.0,4.0,"[세럼]탄제린추출물(70%),부틸렌글라이콜,나이아신아마이드,다이프로필렌글라이콜,메틸글루세스-20,정제수,1,2-헥산다이올,글리세레스-26,알부틴,아이리쉬모스추출물,사탕수수추출물,하이드롤라이즈드호호바에스터,소듐하이알루로네이트,베르가모트오일,인도멀구슬나무꽃추출물,홀리바질잎추출물,인도멀구슬나무잎추출물,울금뿌리추출물,참산호말추출물,라벤더오일,레몬껍질오일,일랑일랑꽃오일,오렌지껍질오일,유칼립투스잎추출물,감초뿌리추출물,캐모마일꽃추출물,녹차추출물,병풀추출물,로즈마리잎추출물,호장근뿌리추출물,병풀잎추출물,암모늄아크릴로일다이메틸타우레이트/브이피코폴리머,판테놀,콜레스-24,트로메타민,에틸헥실글리세린,알란토인,토코페릴아세테이트,아데노신,소듐파이테이트,아스코빌글루코사이드,다이포타슘글리시리제이트,글리세린,마데카소사이드,말토덱스트린,사카라이드하이드롤리세이트,토코페롤,아시아티코사이드,카보머,잔탄검,리모넨,리날룰[마스크팩]정제수,부틸렌글라이콜,나이아신아마이드,메틸프로판다이올,탄제린추출물(10,500ppm),클로렐라불가리스추출물,하이드롤라이즈드호호바에스터,소듐하이알루로네이트,베르가모트오일,백미꽃추출물,아라비아고무나무검,라벤더오일,레몬껍질오일,일랑일랑꽃오일,오렌지껍질오일,유칼립투스잎추출물,접시꽃추출물,다이글리세린,하이드록시아세토페논,글루코오스,1,2-헥산다이올,알란토인,암모늄아크릴로일다이메틸타우레이트/브이피코폴리머,프룩토올리고사카라이드,프룩토오스,트로메타민,폴리글리세릴-10라우레이트,프로판다이올,카프릴릴글라이콜,에틸헥실글리세린,아데노신,알부틴,아스코빌글루코사이드(100ppm),글리세린,카프릴릭/카프릭트라이글리세라이드,말토덱스트린,사카라이드하이드롤리세이트,아스코빅애씨드(4ppm),소듐카보네이트,토코페롤,크산토필,카보머,카페인,잔탄검,다이소듐이디티에이,리모넨,리날룰",skin_type2,skin_trouble3
[1+1더블기획] 파넬 시카마누 92세럼 더블 기획,31.0,59.0,10.0,26.0,74.0,1.0,71.0,29.0,2.0,"정제수,부틸렌글라이콜,글리세린,1,2-헥산다이올,카보머,트로메타민,프로판다이올,폴리글리세릴-10라우레이트,인도멀구슬나무잎추출물,병풀추출물(744ppm),카카오씨추출물,에틸헥실글리세린,불가리스쑥오일,인도멀구슬나무꽃추출물,덱스트린,다이소듐이디티에이,소듐폴리아크릴레이트,펜틸렌글라이콜,황련뿌리추출물,마누카잎추출물(20ppm),락토바실러스발효물,마데카소사이드(20ppm),꿀추출물(900ppb),메도우폼씨오일,카프릴릭/카프릭트라이글리세라이드,올리브오일,하이드로제네이티드레시틴,세라마이드엔피,피토스핑고신,멜라토닌",skin_type2,skin_trouble2
[7/4 하루특가] 피지오겔 포맨 기획 2종 (DMT 플루이드+토너 / 시카 플루이드+토너),0.0,0.0,0.0,0.0,0.0,0.0,,,,"[플루이드]정제수,글리세린,부틸렌글라이콜,카프릴릴메티콘,트레할로오스,1,2-헥산다이올,하이드로제네이티드폴리(C6-14올레핀),다이페닐실록시페닐트라이메티콘,하이드록시에틸우레아,하이드로제네이티드레시틴,아크릴레이트/C10-30알킬아크릴레이트크로스폴리머,암모늄아크릴로일다이메틸타우레이트/브이피코폴리머,다이메티콘/페닐비닐다이메티콘크로스폴리머,트로메타민,나이아신아마이드,판테놀,글리세릴아크릴레이트/아크릴릭애씨드코폴리머,트라이소듐이디티에이,베타-글루칸,카프릴릭/카프릭트라이글리세라이드,스쿠알란,병풀추출물,하이드롤라이즈드소듐하이알루로네이트,다이포타슘글리시리제이트,세라마이드엔피,카퍼트라이펩타이드-1[토너]정제수,다이프로필렌글라이콜,글리세린,1,2-헥산다이올,펜타에리스리틸테트라에틸헥사노에이트,헥실데실에틸헥사노에이트,변성알코올,카프릴릭/카프릭트라이글리세라이드,스쿠알란,알지닌,피토스테롤,세린,베타인,아크릴레이트/C10-30알킬아크릴레이트크로스폴리머,다이메티콘,사이클로펜타실록세인,소듐하이알루로네이트,소듐피씨에이,하이드록시에틸우레아,트로메타민,트라이소듐이디티에이",skin_type1,skin_trouble1
아벤느 이드랑스 에센스 인 로션 200ml 더블기획,46.0,47.0,7.0,78.0,22.0,1.0,80.0,20.0,1.0,"아쿠아(아벤느온천수),글리세린,펜틸렌글라이콜,1,2-헥산다이올,다이메티콘,하이드록시에틸아크릴레이트/소듐아크릴로일다이메틸타우레이트코폴리머,베타인,메틸글루세스-20,아이소세틸스테아로일스테아레이트,트라이에틸헥사노인,하이드로제네이티드폴리아이소부텐,세테아릴올리베이트,소르비탄올리베이트,스쿠알란,트레할로스,향료,정제수,소듐시트레이트,피이지-7트라이메틸올프로판코코넛에터,다이소듐이디티에이,레시틴,피토스테롤,잔탄검,솔비탄아이소스테아레이트,시트릭애씨드,소듐하이알루로네이트",skin_type2,skin_trouble1
[인씨PICK] 에센허브 티트리 100 오일 10ml 기획(+크림10ml+면봉 50P 증정),13.0,56.0,31.0,10.0,88.0,2.0,22.0,49.0,29.0,"티트리잎오일,리모넨,리날룰",skin_type2,skin_trouble2
[단독기획] 아이오페 레티놀 슈퍼 바운스 세럼 30ml 기획(+세럼 10ml+바이오에센스48ml),29.0,61.0,10.0,26.0,18.0,57.0,61.0,36.0,3.0,"정제수,부틸렌글라이콜,스쿠알란,메틸트라이메티콘,글리세린,비스-하이드록시에톡시프로필다이메티콘,1,2-헥산다이올,락토바실러스발효용해물,C14-22알코올,시어버터,팔미틱애씨드,해바라기씨오일,스테아릭애씨드,글리세릴스테아레이트,피이지-100스테아레이트,하이드록시에틸아크릴레이트/소듐아크릴로일다이메틸타우레이트코폴리머,다이메틸아이소소바이드,C12-20알킬글루코사이드,돌콩오일,카보머,만니톨,당근추출물,글리세릴카프릴레이트,트로메타민,다이소듐이디티에이,코질메틸렌다이옥시신나메이트,에틸헥실글리세린,펜틸렌글라이콜,잔탄검,마데카소사이드,하이드록시피나콜론레티노에이트,솔비탄아이소스테아레이트,레티놀,트레할로오스,베타-카로틴,토코페롤,비에이치티,아라비아고무나무검,아세틸테트라펩타이드-11,하이드로제네이티드포스파티딜콜린,편백잎추출물,데카펩타이드-4,소듐올리에이트,프로필렌글라이콜알지네이트,벼에스에이치-올리고펩타이드-1*레티놀함량509IU/g",skin_type2,skin_trouble3
[한정기획] 피지오겔 DMT 페이셜 보습크림 150ml + DMT 마스크팩 1매 증정 기획,54.0,44.0,2.0,77.0,23.0,1.0,78.0,22.0,1.0,"정제수,카프릴릭/카프릭트리글리세라이드,글리세린,펜틸렌글라이콜,코코넛오일,하이드로제네이티드레시틴,쉐어버터,하이드록시에칠셀룰로오스,스쿠알란,카보며,잔탄검,소듐카보머,세라마이드엔피",skin_type1,skin_trouble1
에스트라 에이시카365 흔적 진정 세럼 40ml+40ml 리필기획,20.0,67.0,13.0,22.0,75.0,3.0,74.0,26.0,0.0,"정제수,글리세린,부틸렌글라이콜,다이프로필렌글라이콜,베타인,나이아신아마이드,1,2-헥산다이올,변성알코올,스쿠알란,다이에톡시에틸석시네이트,폴리글리세릴-10스테아레이트,수크로오스스테아레이트,글리세릴폴리메타크릴레이트,폴리글리세릴-10라우레이트,피토스테롤,카프릴릴메티콘,카보머,하이드로제네이티드레시틴,하이드로제네이티드포스파티딜콜린,트로메타민,에틸헥실글리세린,잔탄검,프로판다이올,셀룰로오스검,다이소듐이디티에이,마데카소사이드,베타-글루칸,토코페롤",skin_type2,skin_trouble2
[리필기획] 구달 청귤 비타C 잡티케어 크림 리필에디션 기획(75ml+75ml리필),27.0,64.0,9.0,31.0,29.0,40.0,55.0,41.0,4.0,"탄제린추출물(68%),다이프로필렌글라이콜,글리세린,나이아신아마이드,부틸렌글라이콜,1,2-헥산다이올,정제수,메도우폼씨오일,펜틸렌글라이콜,아이리쉬모스추출물,클로렐라불가리스추출물,사탕수수추출물,베르가모트오일,인도멀구슬나무꽃추출물,아라비아고무나무검,홀리바질잎추출물,인도멀구슬나무잎추출물,라벤더오일,울금뿌리추출물,참산호말추출물,레몬껍질오일,일랑일랑꽃오일,오렌지껍질오일,유칼립투스잎추출물,백미꽃추출물,카카오씨추출물,접시꽃추출물,녹차추출물,비닐다이메티콘,암모늄아크릴로일다이메틸타우레이트/브이피코폴리머,판테놀,트레할로오스,카프릴릭/카프릭트라이글리세라이드,아크릴레이트/C10-30알킬아크릴레이트크로스폴리머,하이드록시아세토페논,트로메타민,다이아이소스테아릴말레이트,글루코오스,프룩토올리고사카라이드,프룩토오스,다이메티콘/비닐다이메티콘크로스폴리머,토코페릴아세테이트,아데노신,에틸헥실글리세린,소듐파이테이트,아가,실리카,덱스트린,크산토필,소듐아스코빌포스페이트,리모넨,리날룰",skin_type2,skin_trouble3
[7월 올영픽] 빌리프 더 트루 크림 아쿠아 밤 30ml 기획 (+아밤25ml+에센스35ml),11.0,82.0,8.0,55.0,45.0,0.0,61.0,39.0,0.0,"[본품아쿠아밤]정제수,다이프로필렌글라이콜,글리세린,메틸트라이메티콘,변성알코올,다이메티콘,사이클로펜타실록세인,1,2-헥산다이올,카프릴릭/카프릭트라이글리세라이드,피이지/피피지/폴리부틸렌글라이콜-8/5/3글리세린,펜타에리스리틸테트라에틸헥사노에이트,귀리커넬추출물*,포트마리골드꽃추출물*,개박하추출물*,라즈베리잎추출물*,와일드인디고뿌리추출물*,별꽃추출물*+,레이디스맨틀잎추출물+,쇠뜨기잎추출물+,쐐기풀잎추출물+,소듐하이알루로네이트,나이아신아마이드,폴리메틸실세스퀴옥세인,판테놀,피이지-150,펜타에리스리틸테트라아이소스테아레이트,페닐트라이메티콘,하이드록시에틸아크릴레이트/소듐아크릴로일다이메틸타우레이트코폴리머,카보머,트로메타민,스쿠알란,피이지-40하이드로제네이티드캐스터오일,다이메티콘올,아크릴레이트/C10-30알킬아크릴레이트크로스폴리머,C14-22알코올,폴리솔베이트60,부틸렌글라이콜,마카다미아씨오일,말라카이트추출물,트라이에틸헥사노인,트라이소듐이디티에이,아라키딜글루코사이드,시어버터,하이드로제네이티드레시틴,솔비탄아이소스테아레이트,글리세릴스테아레이트,스테아릭애씨드,세라마이드엔피,콜레스테롤,피이지-100스테아레이트,로즈마리잎오일**,라임전초오일**,센티드제라늄꽃오일**,오렌지껍질오일**,시트랄,시트로넬올,리모넨,제라니올,리날룰[증정뉴메로10에센스]정제수,글리세린,변성알코올,다이프로필렌글라이콜,부틸렌글라이콜,1,2-헥산다이올,트레할로오스,바위손추출물,귀리커넬추출물,포트마리골드꽃추출물,개박하추출물,라즈베리잎추출물,와일드인디고뿌리추출물,별꽃추출물,레이디스맨틀잎추출물,삼색제비꽃추출물,다마스크장미꽃추출물,메도우스위트꽃추출물,마시멜로뿌리추출물,베타인,판테놀,아이리쉬모스추출물,암모늄아크릴로일다이메틸타우레이트/브이피코폴리머,피이지-40하이드로제네이티드캐스터오일,옥틸도데세스-16,카보머,글리세릴아크릴",skin_type2,skin_trouble1
퍼셀 247 초유 포어 디펜스 앰플 55ml,38.0,55.0,7.0,70.0,25.0,5.0,81.0,19.0,0.0,"정제수,프로판다이올,비피다발효용해물(3.6%),락토바실러스발효용해물(3.6%),다이프로필렌글라이콜,펜틸렌글라이콜,부틸렌글라이콜,락토코쿠스발효용해물,피키아발효용해여과물,효모발효용해여과물,1,2-헥산다이올,초유(7,500ppm),클로렐라불가리스추출물,자일리톨,백미꽃추출물,접시꽃추출물,하이알루로닉애씨드,우유지질,베타인,판테놀,글루코오스,글리세린,프룩토올리고사카라이드,프룩토오스,에틸헥실글리세린,다이페닐다이메티콘,아데노신,트라이에틸헥사노인,소듐시트레이트,소듐파이테이트,시트릭애씨드,하이드로제네이티드레시틴,베타-글루칸,토코페롤,마그네슘클로라이드,테트라데실아미노부티로일발릴아미노부티릭우레아트라이플루오로아세테이트",skin_type2,skin_trouble1
닥터디퍼런트 씨이큐 안티옥시던트 세럼 15ml,39.0,56.0,5.0,17.0,18.0,65.0,35.0,50.0,16.0,"정제수,아스코빅애씨드(15%),에톡시다이글라이콜,프로판다이올,부틸렌글라이콜,1,2-헥산다이올,알부틴,다이프로필렌글라이콜,브로콜리추출물,울금뿌리추출물,얼룩파인애플추출물,살비아오일,불가리스쑥오일,소듐하이알루로네이트,바질오일,황기뿌리추출물,콥티스뿌리추출물,황벽나무껍질추출물,황금추출물,트로메타민,콜레스-24,페룰릭애씨드,글리세린,토코페롤(1,000.25ppm),글루코실루틴,판테놀,폴리글리세릴-10올리에이트,셀룰로오스검,하이드로제네이티드레시틴,에틸헥실글리세린,아데노신,소듐파이테이트,피브이피,풀러린,글루코노락톤,유비퀴논(0.1ppm)",skin_type2,skin_trouble3
우르오스 올인원 단품/기획 2종 택 1,27.0,60.0,14.0,65.0,33.0,2.0,61.0,39.0,1.0,"■우르오스올인원스킨밀크200ml정제수,글리세린,하이드로제네이티드폴리(C6-12올레핀),에탄올,폴리글리세릴-10아이소스테아레이트,아데노신포스페이트,하이드록시프로필사이클로덱스트린,아크릴레이트/C10-30알킬아크릴레이트크로스폴리머,부틸렌글라이콜,글리세릴카프릴레이트,폴리글리세릴-10스테아레이트,소듐아이소스테아로일락테이트,소듐락테이트,소듐하이드록사이드,클로브꽃추출물,사철쑥꽃추출물,스타아니스열매/씨오일,서양측백나무잎오일,아틀라스시다나무껍질오일,라반딘오일,라임전초오일,페퍼민트오일,구주소나무잎오일,로즈마리잎오일,터펜틴,리날룰,리모넨■우르오스올인원스킨로션200ml	정제수,에탄올,펜틸렌글라이콜,글리세린,베타인,피이지-6,피이지-32,아데노신포스페이트,소듐하이드록사이드,소듐다이라우미도글루타미드라이신,피피지-6-데실테트라데세스-30,알진,시트릭애씨드,소듐하이알루로네이트,스타아니스열매/씨오일,서양측백나무잎오일,아틀라스시다나무껍질오일,라반딘오일,라임전초오일,페퍼민트오일,구주소나무잎오일,로즈마리잎오일,페녹시에탄올,터펜틴,리날룰",skin_type2,skin_trouble1
에스트라 아토베리어365 하이드로 수딩크림 60ml,27.0,54.0,20.0,65.0,35.0,0.0,81.0,19.0,1.0,"정제수,프로판다이올,글리세린,페닐트라이메티콘,메틸트라이메티콘,1,2-헥산다이올,트레할로오스,다이카프릴릴카보네이트,암모늄아크릴로일다이메틸타우레이트/브이피코폴리머,하이드로제네이티드레시틴,하이드로제네이티드폴리아이소부텐,하이드록시에틸아크릴레이트/소듐아크릴로일다이메틸타우레이트코폴리머,세테아릴알코올,아크릴레이트/C10-30알킬아크릴레이트크로스폴리머,글리세릴카프릴레이트,글리세릴스테아레이트,트로메타민,다이소듐이디티에이,에틸헥실글리세린,스테아릭애씨드,팔미틱애씨드,폴리글리세릴-3메틸글루코오스다이스테아레이트,솔비탄아이소스테아레이트,만니톨,알지닌,세린,수크로오스,피씨에이,시트룰린,글라이코젠,히스티딘에이치씨엘,알라닌,토코페롤,하이드록시프로필비스팔미타마이드엠이에이,트레오닌,글루타믹애씨드,미리스틱애씨드,아라키딕애씨드,라이신에이치씨엘,아크릴레이트/암모늄메타크릴레이트코폴리머,콜레스테롤,실리카",skin_type2,skin_trouble1
[올영픽/티벳동생PICK] 토리든 다이브인 포맨 저분자 히알루론산 스킨/젤로션 2종 기획(+스킨30ml+젤로션20ml),0.0,0.0,0.0,0.0,0.0,0.0,,,,"다이브인포맨저분자히알루론산젤로션]정제수,부틸렌글라이콜,글리세린,1,2-헥산다이올,판테놀,소듐하이알루로네이트,하이드롤라이즈드하이알루로닉애씨드(100ppm),소듐아세틸레이티드하이알루로네이트,소듐하이알루로네이트크로스폴리머,하이드롤라이즈드소듐하이알루로네이트,알란토인,징크피씨에이,에리스리톨,자일리톨,인도멀구슬나무잎추출물,인도멀구슬나무꽃추출물,아이비고드열매추출물,가지열매추출물,베타인,우레아,트로메타민,펜틸렌글라이콜,세틸에틸헥사노에이트,카프릴릭/카프릭트라이글리세라이드,세테아릴알코올,소듐폴리아크릴레이트,아크릴레이트/C10-30알킬아크릴레이트크로스폴리머,하이드록시에틸아크릴레이트/소듐아크릴로일다이메틸타우레이트코폴리머,에틸헥실글리세린,글리세릴아크릴레이트/아크릴릭애씨드코폴리머,C12-20알킬글루코사이드,피브이엠/엠에이코폴리머,C14-22알코올,다이소듐이디티에이,잔탄검,2,3-부탄다이올,솔비탄아이소스테아레이트,글루코오스,말라카이트추출물,알로에베라꽃추출물,홀리바질잎추출물,울금뿌리추출물,참산호말추출물[다이브인포맨저분자히알루론산스킨]정제수,다이프로필렌글라이콜,부틸렌글라이콜,1,2-헥산다이올,글리세린,트레할로오스,판테놀,소듐하이알루로네이트,하이드롤라이즈드하이알루로닉애씨드(100ppm),소듐아세틸레이티드하이알루로네이트,소듐하이알루로네이트크로스폴리머,하이드롤라이즈드소듐하이알루로네이트,알란토인,징크피씨에이,인도멀구슬나무잎추출물,인도멀구슬나무꽃추출물,아이비고드열매추출물,가지열매추출물,베타인,우레아,트로메타민,펜틸렌글라이콜,피브이엠/엠에이코폴리머,잔탄검,셀룰로오스검,다이소듐이디티에이,카보머,글리세릴아크릴레이트/아크릴릭애씨드코폴리머,에틸헥실글리세린,말라카이트추출물,알로에베라꽃추출물,홀리바질잎추출물,울금뿌리추출물,참산호말추출물",skin_type1,skin_trouble1
[변우석PICK] 피지오겔 시카밸런스 크림 50ml 더블 기획,25.0,55.0,20.0,32.0,68.0,0.0,57.0,43.0,0.0,"정제수 하이드로제네이티드폴리아이소부텐 부틸렌글라이콜 다이프로필렌글라이콜 1,2-헥산다이올 글리세린 하이드로제네이티드폴리데센 나이아신아마이드 판테놀 트레할로오스 스쿠알란 카프릴릭/카프릭트라이글리세라이드 베타-글루칸 폴리메틸실세스퀴옥세인 솔비탄아이소스테아레이트 아세타마이드엠이에이 사코신 팔미타마이드엠이에이 세라마이드엔피 하이드로제네이티드레시틴 마데카소사이드(245ppm) 아시아티코사이드(0.40ppm) 마데카식애씨드(0.35ppm) 아시아틱애씨드(0.25ppm) 아크릴레이트/C10-30알킬아크릴레이트크로스폴리머 하이드록시에틸아크릴레이트/소듐아크릴로일다이메틸타우레이트코폴리머 글리세릴아크릴레이트/아크릴릭애씨드코폴리머 트로메타민",skin_type2,skin_trouble2
한율 어린쑥 수분진정 크림 110ml 대용량 기획 (+25ml+ 패드2매+흡착팩폼2ml),26.0,59.0,16.0,36.0,64.0,0.0,71.0,29.0,0.0,"정제수,글리세린,부틸렌글라이콜,다이카프릴릴에터,황해쑥잎수(35,724ppm),메틸트라이메티콘,나이아신아마이드,비스-하이드록시에톡시프로필다이메티콘,1,2-헥산다이올,C14-22알코올,세틸에틸헥사노에이트,판테놀(5,000ppm),글리세릴스테아레이트시트레이트,하이드로제네이티드폴리(C6-14올레핀),하이드록시에틸아크릴레이트/소듐아크릴로일다이메틸타우레이트코폴리머,스테아릭애씨드,암모늄아크릴로일다이메틸타우레이트/브이피코폴리머,글리세릴폴리메타크릴레이트,글리세릴스테아레이트,폴리메틸실세스퀴옥세인,팔미틱애씨드,아라키딜알코올,C12-20알킬글루코사이드,향료,글리세릴카프릴레이트,베헤닐알코올,2,3-부탄다이올,아라키딜글루코사이드,에틸헥실글리세린,다이소듐이디티에이,솔비탄아이소스테아레이트,프로판다이올,레시틴,락토바실러스발효물,글루코오스,토코페롤,이눌린라우릴카바메이트,황해쑥잎추출물(10ppm),병풀꽃/잎/줄기추출물",skin_type2,skin_trouble2
피지오겔 DMT포맨 증정 기획세트 2종 (플루이드 or 크림),0.0,0.0,0.0,0.0,0.0,0.0,,,,"[플루이드]정제수,글리세린,부틸렌글라이콜,카프릴릴메티콘,트레할로오스,1,2-헥산다이올,하이드로제네이티드폴리(C6-14올레핀),다이페닐실록시페닐트라이메티콘,하이드록시에틸우레아,하이드로제네이티드레시틴,아크릴레이트/C10-30알킬아크릴레이트크로스폴리머,암모늄아크릴로일다이메틸타우레이트/브이피코폴리머,다이메티콘/페닐비닐다이메티콘크로스폴리머,트로메타민,나이아신아마이드,판테놀,글리세릴아크릴레이트/아크릴릭애씨드코폴리머,트라이소듐이디티에이,베타-글루칸,카프릴릭/카프릭트라이글리세라이드,스쿠알란,병풀추출물,하이드롤라이즈드소듐하이알루로네이트,다이포타슘글리시리제이트,세라마이드엔피,카퍼트라이펩타이드-1[토너]정제수,다이프로필렌글라이콜,글리세린,1,2-헥산다이올,펜타에리스리틸테트라에틸헥사노에이트,헥실데실에틸헥사노에이트,변성알코올,카프릴릭/카프릭트라이글리세라이드,스쿠알란,알지닌,피토스테롤,세린,베타인,아크릴레이트/C10-30알킬아크릴레이트크로스폴리머,다이메티콘,사이클로펜타실록세인,소듐하이알루로네이트,소듐피씨에이,하이드록시에틸우레아,트로메타민,트라이소듐이디티에이",skin_type1,skin_trouble1
[4년연속수상] 라운드랩 1025 독도 토너 (본품200ml+50ml 추가 증정),24.0,60.0,16.0,41.0,59.0,1.0,79.0,21.0,1.0,"정제수,부틸렌글라이콜,글리세린,펜틸렌글라이콜,프로판다이올,아이리쉬모스추출물,사탕수수추출물,해수,1,2-헥산다이올,프로테아제,베타인,판테놀,에틸헥실글리세린,알란토인,잔탄검,다이소듐이디티에이",skin_type2,skin_trouble2
[한정기획] 구달 청귤 비타C 잡티케어 세럼 50ml+31ml 증정 기획,28.0,63.0,10.0,26.0,26.0,48.0,59.0,38.0,3.0,"탄제린추출물(70%),부틸렌글라이콜,나이아신아마이드,다이프로필렌글라이콜,메틸글루세스-20,정제수,1,2-헥산다이올,글리세레스-26,알부틴,아이리쉬모스추출물,사탕수수추출물,하이드롤라이즈드호호바에스터,소듐하이알루로네이트,베르가모트오일,인도멀구슬나무꽃추출물,홀리바질잎추출물,인도멀구슬나무잎추출물,울금뿌리추출물,참산호말추출물,라벤더오일,레몬껍질오일,일랑일랑꽃오일,오렌지껍질오일,유칼립투스잎추출물,감초뿌리추출물,캐모마일꽃추출물,녹차추출물,병풀추출물,로즈마리잎추출물,호장근뿌리추출물,병풀잎추출물,암모늄아크릴로일다이메틸타우레이트/브이피코폴리머,판테놀,콜레스-24,트로메타민,에틸헥실글리세린,알란토인,토코페릴아세테이트,아데노신,소듐파이테이트,아스코빌글루코사이드,다이포타슘글리시리제이트,글리세린,마데카소사이드,말토덱스트린,사카라이드하이드롤리세이트,토코페롤,아시아티코사이드,카보머,잔탄검,리모넨,리날룰",skin_type2,skin_trouble3
VT 리들샷 300 에센스 50ml,20.0,65.0,15.0,23.0,38.0,40.0,14.0,27.0,59.0,"정제수,다이프로필렌글라이콜,글리세린,나이아신아마이드,부틸렌글라이콜,마카다미아씨오일,1,2-헥산다이올,에틸헥실팔미테이트,실리카,소듐아크릴레이트/소듐아크릴로일다이메틸타우레이트코폴리머,폴리아이소부텐,글리세레스-26,에틸헥실글리세린,카프릴릴글라이콜,아데노신,소듐폴리아크릴레이트,병풀추출물,소듐하이알루로네이트,카프릴릴/카프릴글루코사이드,솔비탄올리에이트,잔탄검,프로폴리스추출물,아시아티코사이드,마데카소사이드,마데카식애씨드,아시아틱애씨드,글라이신,세린,글루타믹애씨드,아스파틱애씨드,류신,알라닌,라이신,알지닌,타이로신,페닐알라닌,트레오닌,프롤린,발린,아이소류신,히스티딘,메티오닌,시스테인",skin_type2,skin_trouble3
[단독기획] 아비브 어성초 에센스 카밍펌프 50ml 리필 기획(+50ml),19.0,63.0,18.0,24.0,76.0,1.0,76.0,24.0,1.0,"약모밀추출물,글리세린,정제수,메틸프로판다이올,다이프로필렌글라이콜,글리세레스-26,아이리쉬모스추출물,사탕수수추출물,워터민트추출물,소듐하이알루로네이트,파스향나무잎추출물,부틸렌글라이콜,하이드록시에틸우레아,판테놀,암모늄아크릴로일다이메틸타우레이트/브이피코폴리머,아크릴레이트/C10-30알킬아크릴레이트크로스폴리머,트로메타민,카프릴릴글라이콜,석시닉애씨드,1,2-헥산다이올,잔탄검",skin_type2,skin_trouble2
온그리디언츠 스킨 베리어 카밍 속광 로션 기획(220ml+80ml),42.0,49.0,9.0,83.0,17.0,1.0,92.0,8.0,1.0,"정제수,글리세린,프로판다이올,카프릴릭/카프릭트라이글리세라이드,세틸에틸헥사노에이트,1,2-헥산다이올,글리세릴스테아레이트,페닐트라이메티콘,C14-22알코올,폴리솔베이트60,알지닌,황련뿌리추출물,카보머,부틸렌글라이콜,몰로키아잎추출물,당근추출물,마테잎추출물,보리지추출물,C12-20알킬글루코사이드,병풀추출물,글루코오스,폴리글리세릴-10라우레이트,에틸헥실글리세린,트라이펩타이드-1,카퍼트라이펩타이드-1,팔미토일펜타펩타이드-4,팔미토일트라이펩타이드-1,헥사펩타이드-9,헥사펩타이드-11,아세틸테트라펩타이드-2,아세틸테트라펩타이드-5,팔미토일트라이펩타이드-5",skin_type2,skin_trouble1
닥터지 레드 블레미쉬 포 맨 올인원 오일컷 로션 150ml 기획(+30ml 추가증정),16.0,35.0,49.0,42.0,56.0,2.0,66.0,34.0,1.0,"정제수,부틸렌글라이콜,베타인,카프릴릴메티콘,나이아신아마이드,실리카,메틸트라이메티콘,1,2-헥산다이올,에리스리톨,커피콩추출물,사과추출물,스테아릴다이메티콘,소듐아크릴레이트코폴리머,병풀추출물,하이드록시아세토페논,알지닌,암모늄아크릴로일다이메틸타우레이트/브이피코폴리머,카보머,옥타데센,폴리아크릴레이트-13,에틸헥실글리세린,녹차추출물,메도우스위트꽃추출물,사탕무뿌리추출물,레몬추출물,글루코노락톤,아데노신,하이드로제네이티드폴리아이소부텐,레시틴,다이소듐이디티에이,폴리글리세릴-10라우레이트,에틸헥실팔미테이트,솔비탄아이소스테아레이트,다이프로필렌글라이콜,하이드롤라이즈드하이알루로닉애씨드,하이드로제네이티드레시틴,판테놀,수크로오스다이스테아레이트,마데카소사이드,세라마이드엔피,아시아티코사이드,마데카식애씨드,아시아틱애씨드",skin_type3,skin_trouble2
[7일특가]넘버즈인 1번 진정 맑게담은 청초토너 300ml 리필기획(+300ml 증정),19.0,56.0,26.0,22.0,78.0,0.0,76.0,24.0,1.0,"정제수,1,2-헥산다이올,다이프로필렌글라이콜,프로판다이올,부틸렌글라이콜,글리세린,감초뿌리추출물,약모밀추출물,카보머,병풀추출물,하이드록시에틸셀룰로오스,알지닌,알란토인,다이소듐이디티에이,하수오전초추출물,베타인,히아신스전초추출물,판테놀,알바수련꽃추출물",skin_type2,skin_trouble2
[담쓰PICK]코스알엑스 더 6 펩타이드 스킨 부스터 세럼 150ml 기획 (30ml 추가증정),36.0,54.0,10.0,65.0,27.0,8.0,74.0,24.0,2.0,"정제수,다이프로필렌글라이콜,글리세린,펜틸렌글라이콜,1,2-헥산다이올,나이아신아마이드,아세틸헥사펩타이드-8(5ppm),카퍼트라이펩타이드-1(5ppm),에스에이치-폴리펩타이드-121(1.98ppm),다이펩타이드다이아미노부티로일벤질아마이드다이아세테이트(0.3ppm),올리고펩타이드-68(0.095ppm),팔미토일트라이펩타이드-8(0.02ppm),알란토인,소듐하이알루로네이트,아세틸글루코사민,세린,알라닌,글라이신,트레오닌,알지닌,프롤린,베타인,소듐피씨에이,소듐락테이트,피씨에이,글루타믹애씨드,라이신에이치씨엘,토코페롤,덱스트란,돌콩오일,하이드로제네이티드레시틴,암모늄아크릴로일다이메틸타우레이트/브이피코폴리머,폴리아크릴레이트크로스폴리머-6,부틸렌글라이콜,잔탄검,에틸헥실글리세린,아데노신,폴리쿼터늄-51,다이소듐이디티에이,시트릭애씨드,카프릴릴글라이콜,t-부틸알코올,포타슘솔베이트,소듐올리에이트",skin_type2,skin_trouble1
[산뜻한 발림성] 피지오겔 레드수딩 시카밸런스 크림 80ml +시카 토너 50ml 증정 기획,7.0,59.0,34.0,27.0,73.0,1.0,64.0,34.0,2.0,"정제수,하이드로제네이티드폴리아이소부텐,부틸렌글라이콜,다이프로필렌글라이콜.1.2-헥산다이올,글리세린,하이드로제네이티드폴리데센나이아신아마이드판테놀,트레할로오스,스쿠알란,카프릴릭/카프릭트라이글리세라이드,베타-글루칸,폴리메틸실세스퀴옥세인,솔비탄아이소스테아레이트,아세타마이드엠이에이,사코신,팔미타마이드엠이에이,세라마이드엔피,하이드로제네이티드레시틴,마데카소사이드(245ppm),아시아티코사이드(0.40ppm),마데카식애씨드(0.35ppm),아시아틱애씨드(0.25ppm),아크릴레이트/C10-30알킬아크릴레이트크로스폴리머,하이드록시에틸아크릴레이트/소듐아크릴로일다이메틸타우레이트코폴리머,글리세릴아크릴레이트/아크릴릭애씨드코폴리머,트로메타민",skin_type2,skin_trouble2
[7일특가/탄력광채] 넘버즈인 3번 결광가득 에센스 토너 300ml 대용량 기획,46.0,49.0,5.0,71.0,21.0,8.0,70.0,28.0,2.0,"정제수,다이프로필렌글라이콜,글리세레스-26,1,2-헥산다이올,나이아신아마이드,부틸렌글라이콜,글리세린,메틸글루세스-20,메도우스위트추출물,락토코쿠스/녹두추출물발효여과물,락토바실러스/쌀발효물,클로렐라발효물,락토바실러스/조류추출발효물,효모/포도발효추출물,락토바실러스/호박발효추출물,락토바실러스/콩발효추출물,락토바실러스/콩추출물발효여과물,효모/쌀발효여과추출물,효모/보리씨발효여과물,효모/칼슘발효물,효모/슈가캘프발효물,효모/감자추출물발효여과물,락토바실러스/여바산타발효추출물,락토바실러스/부레옥잠발효물,락토바실러스/호밀가루발효물,락토바실러스/히비스커스꽃발효여과물,락토바실러스/우유발효여과물,락토바실러스/홍삼발효여과물,락토바실러스/아세로라체리발효물,락토바실러스발효물,락토바실러스발효용해여과물,락토코커스/우유발효용해물,락토코쿠스발효물,락토코쿠스발효추출물,락토코쿠스발효용해물,스트렙토코쿠스테르모필루스발효물,흑효모발효여과물,비피다발효여과물,비피다발효추출물,류코노스톡/무발효여과물,락토바실러스/고추냉이뿌리발효추출물,락토바실러스/석류발효추출물,바실러스/글루타믹애씨드발효여과물,바실러스/쌀겨추출물/콩추출물발효여과물,모나스커스/쌀발효물,효모/쌀겨발효여과추출물,효모/쌀겨발효물,락토바실러스/배즙발효여과물,피키아발효용해여과물,알테로모나스발효추출물,효모/율무씨발효여과물,효모/콩단백질발효물,스핑고모나스발효추출물,효모/공작석발효물,효모발효물,효모발효여과물,스키조사카로미세스발효여과물,아스퍼질러스발효물,아스퍼질러스/글루코오스/콩/전분발효여과물,센티드제라늄꽃오일,소듐하이알루로네이트,폴리글리세릴-10라우레이트,세테아릴알코올,베타인,아크릴레이트/C10-30알킬아크릴레이트크로스폴리머,트로메타민,폴리쿼터늄-51,하이드록시에틸셀룰로오스,아데노신,제라니올,시트로넬올",skin_type2,skin_trouble1
이즈앤트리 어니언 뉴페어 겔크림 80ml 대용량 기획 (+겔크림20ml+패드2매),21.0,60.0,20.0,36.0,50.0,14.0,77.0,23.0,1.0,"[크림]정제수,프로판다이올,글리세린,부틸렌글라이콜,카프릴릭/카프릭트라이글리세라이드,나이아신아마이드,1,2-헥산다이올,하이드록시에틸아크릴레이트/소듐아크릴로일다이메틸타우레이트코폴리머,양파추출물(9172.5ppm),세테아릴알코올,비닐다이메티콘,카보머,세테아릴올리베이트,솔비톨,솔비탄올리베이트,바이오사카라이드검-1,소듐폴리아크릴로일다이메틸타우레이트,소듐아스코빌포스페이트,트로메타민,인도멀구슬나무잎추출물,인도멀구슬나무꽃추출물,솔비탄아이소스테아레이트,하이드로제네이티드폴리데센,에틸헥실글리세린,시트릭애씨드,아데노신,하이드록시에틸셀룰로오스,아이비고드열매추출물,다이소듐이디티에이,베타인,소듐시트레이트,트라넥사믹애씨드,알란토인,약모밀추출물,판테놀,가지열매추출물,트라이데세스-10,하이알루로닉애씨드,하이드롤라이즈드하이알루로닉애씨드,소듐하이알루로네이트,참산호말추출물,홀리바질잎추출물,울금뿌리추출물,소듐헤파린[패드]정제수,부틸렌글라이콜,글리세린,1,2-헥산다이올,나이아신아마이드,양파추출물(843ppm),트레할로오스,약모밀추출물,판테놀,알란토인,소듐헤파린,소듐하이알루로네이트,하이드롤라이즈드하이알루로닉애씨드,소듐아세틸레이티드하이알루로네이트,인도멀구슬나무꽃추출물,아이비고드열매추출물,트라넥사믹애씨드,소듐아스코빌포스페이트,글루코노락톤,베타-글루칸,하이드록시에틸셀룰로오스,아데노신,시트릭애씨드,에틸헥실글리세린,폴리솔베이트60,다이소듐포스페이트,소듐포스페이트",skin_type2,skin_trouble2
[7월 올영픽/쿨링진정] 아비브 어성초 크림 카밍 튜브 75ml 1+1 한정기획,18.0,60.0,22.0,26.0,74.0,0.0,77.0,23.0,1.0,"정제수,사이클로헥사실록세인,약모밀추출물,글리세린,트라이에틸헥사노인,나이아신아마이드,펜틸렌글라이콜,1,2-헥산다이올,인도멀구슬나무잎추출물,인도멀구슬나무꽃추출물,홀리바질잎추출물,소듐하이알루로네이트,울금뿌리추출물,참산호말추출물,하이드롤라이즈드하이알루로닉애씨드,하이알루로닉애씨드,폴리글리세릴-3폴리다이메틸실록시에틸다이메티콘,라우릴다이메티콘/폴리글리세린-3크로스폴리머,소듐클로라이드,아이소도데케인,소듐폴리아크릴레이트스타치,페닐트라이메티콘,다이메티콘/비닐다이메티콘크로스폴리머,비닐다이메티콘/메티콘실세스퀴옥세인크로스폴리머,소듐시트레이트,판테놀,프로판다이올,실리카,다이포타슘글리시리제이트,다이프로필렌글라이콜,소듐파이테이트,벤질글라이콜,하이드롤라이즈드글라이코사미노글리칸,소듐하이알루로네이트크로스폴리머,토코페롤,에틸헥실글리세린,하이드록시프로필트라이모늄하이알루로네이트,알란토인,부틸렌글라이콜,카프릴릭/카프릭트라이글리세라이드,베타-글루칸,하이드로제네이티드레시틴,소듐아세틸레이티드하이알루로네이트,알지닌,세라마이드엔피,세린",skin_type2,skin_trouble2
아벤느 시칼파트 플러스 S.O.S 크림 100ml+100ml 더블 기획,47.0,47.0,6.0,41.0,59.0,1.0,72.0,28.0,1.0,"온천수,카프릴릭/카프릭트리글리세라이드,미네랄오일,글리세린,하이드로제네이티드식물성오일,징크옥사이드,프로필렌글라이콜,폴리글리세릴-2세스퀴이소스테아레이트,피이지-22/도데실글라이콜코폴리머,알루미늄슈크로오스옥타설페이트,알루미늄스테아레이트,비즈왁스,카퍼설페이트,마그네슘스테아레이트,마그네슘설페이트,마이크로크리스탈린왁스,징크설페이트",skin_type1,skin_trouble2
[단독기획] 파티온 노스카나인 트러블 흔적 앰플 30ml 한정기획(+트러블세럼 30ml & 흔적크림 1ml*3),21.0,59.0,20.0,22.0,74.0,4.0,85.0,15.0,1.0,"[트러블흔적앰플]쑥잎추출물,메틸프로판다이올,나이아신아마이드,폴리글리세린-3,정제수,글리세린,에리스리톨,판테놀,부틸렌글라이콜,글리세레스-26,트라넥사믹애씨드,1,2-헥산다이올,펜틸렌글라이콜,자일리톨,알란토인,클로렐라불가리스추출물,다이에톡시에틸석시네이트,글루코오스,옥틸도데세스-16,인도멀구슬나무잎추출물,하이드록시아세토페논,암모늄아크릴로일다이메틸타우레이트/브이피코폴리머,하이드록시에틸우레아,소듐폴리아크릴레이트,프룩토올리고사카라이드,프룩토오스,징크피씨에이,폴리글리세릴-10라우레이트,인도멀구슬나무꽃추출물,에틸헥실글리세린,알파-알부틴,다이포타슘글리시리제이트,소듐헤파린,메틸다이아이소프로필프로피온아마이드,덱스트린,카카오추출물,홀리바질잎추출물,소듐하이알루로네이트,울금뿌리추출물,참산호말추출물,베타-글루칸,토코페롤,카페인,페룰릭애씨드,글루타티온,인디안구스베리열매추출물,호동씨오일,포도세포추출물,당호박추출물,다이프로필렌글라이콜,하이드로제네이티드레시틴,폴리글리세릴-10스테아레이트,카카두플럼추출물,케이프알로에잎추출물,밤부사불가리스수,소듐아스코빌포스페이트,토코페릴아세테이트,글리세릴아라키도네이트,글리세릴리놀리네이트,바이오틴,레티닐팔미테이트[트러블세럼]쑥잎추출물,정제수,글리세린,다이프로필렌글라이콜,판테놀,1,2-헥산다이올,펜틸렌글라이콜,소듐하이알루로네이트,다이에톡시에틸석시네이트,하이드록시에틸우레아,아크릴레이트/C10-30알킬아크릴레이트크로스폴리머,암모늄아크릴로일다이메틸타우레이트/브이피코폴리머,트로메타민,알란토인,병풀추출물,하이드록시아세토페논,에틸헥실글리세린,폴리글리세릴-10라우레이트,석시닉애씨드,잔탄검,소듐헤파린,사과추출물,토코페롤,카프릴릴/카프릴글루코사이드,하이드로제네이티드레시틴,세라마이드엔피",skin_type2,skin_trouble2
[7월 올영픽/관하살 PICK] 라운드랩 포 맨 소나무 진정 토너/로션 2종세트(+클렌저 40ml 증정),0.0,0.0,0.0,0.0,0.0,0.0,,,,"1.포맨소나무진정시카토너200ml정제수,글리세린,프로판다이올,하이알루로닉애씨드,하이드롤라이즈드하이알루로닉애씨드,소듐하이알루로네이트,인도멀구슬나무잎추출물,인도멀구슬나무꽃추출물,녹차추출물,오카무라큰실말추출물,흰버드나무껍질추출물,커피콩추출물,베르가모트잎추출물,글루코노락톤,카프릴로일살리실릭애씨드,감자꽃추출물,소나무잎추출물(1000.61ppm),알란토인,데실글루코사이드,병풀잎추출물,에틸헥실글리세린,부틸렌글라이콜,병풀추출물(0.01ppm),글라이코프로테인(0.0002ppm),아시아티코사이드(0.00001ppm),아시아틱애씨드(0.00001ppm),마데카소사이드(0.00001ppm),마데카식애씨드(0.00001ppm),글리세레스-25피씨에이아이소스테아레이트,1,2-헥산다이올,하이드록시아세토페논,잔탄검2.포맨소나무진정시카로션200ml정제수,부틸렌글라이콜,글리세린,1,2-헥산다이올,다이프로필렌글라이콜,하이알루로닉애씨드,하이드롤라이즈드하이알루로닉애씨드,소듐하이알루로네이트,하이드롤라이즈드치자추출물,하이드롤라이즈드맥아추출물,하이드롤라이즈드삼색제비꽃추출물,인도멀구슬나무잎추출물,인도멀구슬나무꽃추출물,카카오씨추출물,녹차추출물,오카무라큰실말추출물,흰버드나무껍질추출물,커피콩추출물,베르가모트잎추출물,소나무잎추출물(1000.61ppm),데실글루코사이드,에틸헥실글리세린,카프릴로일살리실릭애씨드,병풀잎추출물(10.6ppm),프로판다이올,감자꽃추출물,병풀추출물(0.01ppm),글라이코프로테인(0.0002ppm),아시아티코사이드(0.00001ppm),아시아틱애씨드(0.00001ppm),마데카소사이드(0.00001ppm),마데카식애씨드(0.00001ppm),덱스트린,하이드로제네이티드레시틴,에틸헥실팔미테이트,세틸에틸헥사노에이트,트로메타민,폴리글리세릴-10올리에이트,다이소듐이디티에이,카보머",skin_type1,skin_trouble1
[단독기획] 셀리맥스 더 리얼 노니 에너지 앰플 90ml 에디션 (80ml+10ml),38.0,54.0,8.0,53.0,47.0,1.0,72.0,28.0,1.0,"정제수,부틸렌글라이콜,프로판다이올,글리세린,1,2-헥산다이올,노니열매추출물(0.7%),소듐폴리아크릴로일다이메틸타우레이트,다이에톡시에틸석시네이트,알란토인,옥틸도데세스-16,다이프로필렌글라이콜,인도멀구슬나무잎추출물,소듐하이알루로네이트,에틸헥실글리세린,아데노신,다이소듐이디티에이,판테놀,글리세릴폴리메타크릴레이트,인도멀구슬나무꽃추출물,노니씨오일(200ppm),하이드로제네이티드레시틴,카카오씨추출물,로즈마리잎오일,덱스트린,세테아릴올리베이트,솔비탄올리베이트,수크로오스팔미테이트,만다린껍질추출물,올리브오일,퀸즈랜드넛오일,포도씨오일,호호바씨오일,수용성콜라겐,토코페롤",skin_type2,skin_trouble1
한율 어린쑥크림 55ml+55ml+패드2매 한정기획,29.0,60.0,12.0,40.0,60.0,1.0,73.0,25.0,2.0,"정제수,글리세린,부틸렌글라이콜,다이카프릴릴에터,황해쑥잎수(35,724ppm),메틸트라이메티콘,나이아신아마이드,비스-하이드록시에톡시프로필다이메티콘,1,2-헥산다이올,C14-22알코올,세틸에틸헥사노에이트,판테놀(5,000ppm),글리세릴스테아레이트시트레이트,하이드로제네이티드폴리(C6-14올레핀),하이드록시에틸아크릴레이트/소듐아크릴로일다이메틸타우레이트코폴리머,스테아릭애씨드,암모늄아크릴로일다이메틸타우레이트/브이피코폴리머,글리세릴폴리메타크릴레이트,글리세릴스테아레이트,폴리메틸실세스퀴옥세인,팔미틱애씨드,아라키딜알코올,C12-20알킬글루코사이드,향료,글리세릴카프릴레이트,베헤닐알코올,2,3-부탄다이올,아라키딜글루코사이드,에틸헥실글리세린,다이소듐이디티에이,솔비탄아이소스테아레이트,프로판다이올,레시틴,락토바실러스발효물,글루코오스,토코페롤,이눌린라우릴카바메이트,황해쑥잎추출물(10ppm),병풀꽃/잎/줄기추출물",skin_type2,skin_trouble2
디오디너리 나이아신아마이드 10% + 징크 1% 60ml,16.0,56.0,29.0,17.0,38.0,45.0,33.0,48.0,19.0,"정제수,나이아신아마이드(10%),펜틸렌글라이콜,징크피씨에이(징크로서,1%),다이메틸아이소소바이드,타마린드씨검,잔탄검,아이소세테스-20,에톡시다이글라이콜,페녹시에탄올,클로페네신",skin_type2,skin_trouble3
[7월 올영픽/보습탄력] 아비브 부활초 크림 뉴트리션 튜브 75ml 기획 (+30ml 추가 증정),52.0,44.0,5.0,78.0,20.0,2.0,78.0,22.0,1.0,"정제수,부틸렌글라이콜,글리세린,트루로즈오브예리코추출물,카프릴릭/카프릭트라이글리세라이드,다이아이소스테아릴말레이트,코코넛야자오일,시어버터,세테아릴알코올,다이글리세린,펜틸렌글라이콜,1,2-헥산다이올,비스-다이글리세릴폴리아실아디페이트-2,카프릴릭/카프릭/미리스틱/스테아릭트라이글리세라이드,아이소트라이데실아이소노나노에이트,아라키딜알코올,호호바에스터,카나우바왁스,락토바실러스발효물,차가버섯추출물,블루아가베잎추출물,판테놀,합성비즈왁스,비닐다이메티콘,글리세릴스테아레이트,아라키딜글루코사이드,하이드록시에틸아크릴레이트/소듐아크릴로일다이메틸타우레이트코폴리머,아크릴레이트/C10-30알킬아크릴레이트크로스폴리머,팔미틱애씨드,트로메타민,하이드로제네이티드레시틴,다이포타슘글리시리제이트,에틸헥실글리세린,아데노신,트라이소듐에틸렌다이아민다이석시네이트,토코페롤,메틸프로판다이올,베헤닐알코올,C12-16알코올,잔탄검",skin_type1,skin_trouble1
[모공/블랙헤드] 메디큐브 제로 모공 원데이 세럼 30ml,0.0,0.0,0.0,0.0,0.0,0.0,,,,"정제수,글루코노락톤,메틸프로판다이올,글리세린,프로판다이올,트로메타민,폴리글리세린-3,나이아신아마이드,1,2-헥산다이올,시트릭애씨드,다이메티콘,부틸렌글라이콜,C12-14파레스-12,하이드록시에틸셀룰로오스,살리실릭애씨드,암모늄아크릴로일다이메틸타우레이트/브이피코폴리머,소듐폴리아크릴로일다이메틸타우레이트,레시틴,알란토인,락틱애씨드,글라이콜릭애씨드,에틸헥실글리세린,아데노신,덱스트린,인디고추출물,소듐하이알루로네이트,하이알루로닉애씨드,소듐시트레이트,원추리꽃추출물,치자추출물,하이드롤라이즈드하이알루로닉애씨드,하이드롤라이즈드소듐하이알루로네이트,소듐하이알루로네이트크로스폴리머,트라이소듐포스페이트,물망초꽃/잎/줄기추출물,펜틸렌글라이콜,하이드록시프로필트라이모늄하이알루로네이트,소듐아세틸레이티드하이알루로네이트,병풀추출물,마데카소사이드,락토바실러스발효용해물,서양민들레잎추출물",skin_type1,skin_trouble1
[세럼20ml증정]닥터지 레드 블레미쉬 바쿠치올 포어젯 크림 50ml 기획 (+세럼 5ml*4ea),35.0,54.0,12.0,35.0,50.0,15.0,46.0,54.0,0.0,"정제수,프로판다이올,나이아신아마이드,하이드로제네이티드에틸헥실올리베이트,카프릴릭/카프릭트라이글리세라이드,글리세린,C14-22알코올,부틸렌글라이콜,세테아릴올리베이트,솔비탄올리베이트,비닐다이메티콘,1,2-헥산다이올,하이드로제네이티드폴리데센,하이드로제네이티드폴리아이소부텐,세테아릴알코올,글리세릴스테아레이트,하이드로제네이티드올리브오일불검화물,하이드로제네이티드폴리(C6-14올레핀),C12-20알킬글루코사이드,세틸팔미테이트,솔비탄팔미테이트,트레할로오스,판테놀,지치뿌리추출물,소듐폴리아크릴레이트,카프릴릴글라이콜,소듐스테아로일글루타메이트,하이드로제네이티드레시틴,카보머,에틸헥실올리베이트,트로메타민,잔탄검,알란토인,소듐아크릴레이트코폴리머,아데노신,에틸헥실글리세린,다이소듐이디티에이,펜타에리스리틸테트라-다이-t-부틸하이드록시하이드로신나메이트,폴리글리세릴-4올리에이트,구아검,아가,병풀잎추출물,다이프로필렌글라이콜,프룩토올리고사카라이드,한련초추출물,서양배추출물,세틸에틸헥사노에이트,서양송악잎/줄기추출물,인도멀구슬나무잎추출물,사과추출물,비치스트로베리추출물,인도멀구슬나무꽃추출물,바쿠치올(10ppm),소듐하이알루로네이트크로스폴리머,아이비고드열매추출물,드럼스틱씨오일,가지열매추출물,하이드롤라이즈드콜라겐,호호바씨오일,소듐아스코빌포스페이트,라벤더꽃추출물,세라마이드엔피,참산호말추출물,울금뿌리추출물,홀리바질잎추출물,토코페롤,콜레스테롤,리놀레익애씨드,팔미틱애씨드,스쿠알란,폴리글리세릴-10올리에이트,소듐하이알루로네이트,흰목이버섯폴리사카라이드,사과세포배양추출물,병풀추출물,소듐디엔에이",skin_type2,skin_trouble2
[7일특가] 라로슈포제 에빠끌라 듀오+ M 에센스 40ml 기획 (+3ml*2 추가증정),8.0,62.0,31.0,15.0,77.0,8.0,77.0,8.0,15.0,"에빠끌라듀오+M에센스정제수글리세린다이메티콘아이소세틸스테아레이트나이아신아마이드아이소프로필라우로일사코시네이트실리카암모늄폴리아크릴로일다이메틸타우레이트쌀전분석류과피추출물포타슘세틸포스페이트솔비탄올리에이트징크피씨에이글리세릴스테아레이트에스이아이소헥사데칸소듐하이드록사이드미리스틸미리스테이트2-올레아미도-1,3-옥타데칸다이올만노오스폴록사머338카프릴로일살리실릭애씨드카프릴릴글라이콜비트레오스실라발효물시트릭애씨드트라이소듐에틸렌다이아민다이석시네이트말토덱스트린잔탄검펜틸렌글라이콜폴리솔베이트80아크릴아마이드/소듐아크릴로일다이메틸타우레이트코폴리머살리실릭애씨드피록톤올아민향료",skin_type2,skin_trouble2
리쥬란 힐러 턴오버 앰플 듀얼 이펙트 30ml 기획 (+턴오버 앰플 1ml*7+더마힐러 크림 10g+더마힐러 마스크 23ml*2),48.0,46.0,6.0,45.0,14.0,41.0,60.0,38.0,2.0,"서양산딸기잎추출물,스페인감초뿌리추출물,포트마리골드꽃추출물,알로에베라잎즙,로우스위트블루베리추출물,검은뽕나무열매추출물,알부틴,부틸렌글라이콜,글리세린,폴리솔베이트20,하이드롤라이즈드디엔에이,제로틴/하이드롤라이즈드디엔에이,소듐하이알루로네이트,카보머,잔탄검,아데노신,토코페릴아세테이트,나이아신아마이드,비사보롤,피이지-6,정제수,카프릴릴글라이콜,에틸헥실글리세린,헥실렌글라이콜,1,2-헥산다이올,다이프로필렌글라이콜,소듐클로라이드,트레할로오스,우레아,세린,펜틸렌글라이콜,글리세릴폴리아크릴레이트,알진,풀루란,다이소듐포스페이트,포타슘포스페이트,스쿠알란,하이드로제네이티드레시틴,세라마이드엔피,올레익애씨드,이눌린라우릴카바메이트,콜레스테롤",skin_type1,skin_trouble1
라네즈옴므 블루에너지 2종 기획 (미니어처 2종 포함),0.0,0.0,0.0,0.0,0.0,0.0,,,,"해수에탄올프로판다이올부틸렌글라이콜베타인1,2-헥산다이올카프릴릭/카프릭트라이글리세라이드피피지-13-데실테트라데세스-24아크릴레이트/C10-30알킬아크릴레이트크로스폴리머향료트로메타민멘톡시프로판다이올에틸헥실글리세린아데노신다이소듐이디티에이정제수페녹시에탄올스피룰리나플라텐시스추출물[블루에너지에센스인로션EX]해수프로판다이올글리세린부틸렌글라이콜하이드로제네이티드폴리(C6-14올레핀)다이메티콘1,2-헥산다이올",skin_type1,skin_trouble1
[트러블촉이올때] 브링그린 징크테카 트러블 세럼 한정기획,18.0,57.0,25.0,13.0,87.0,1.0,71.0,26.0,3.0,"정제수,에톡시다이글라이콜,메틸프로판다이올,메틸글루세스-20,1,2-헥산다이올,나이아신아마이드,병풀추출물,티트리추출물,티트리잎추출물,티트리꽃/잎/줄기추출물,몰로키아잎추출물**,신선초추출물**,연꽃뿌리추출물**,오크라열매추출물**,참마뿌리추출물**,하이드로제네이티드레시틴,티트리잎수,티트리잎오일,옥틸도데칸올,옥틸도데세스-16,아시아티코사이드*(4,800ppm),마데카식애씨드*(3,600ppm),글라이코리피드,아시아틱애씨드*(3,600ppm),C12-13알케스-9,카보머,트로메타민,피브이피,소듐폴리아크릴레이트,다이소듐이디티에이,4-터피네올,징크피씨에이(1ppm),에틸헥실글리세린",skin_type2,skin_trouble2
[7월 올영픽/리필증정] 프리메라 알파인 베리 워터리 크림 1+1 기획,43.0,51.0,6.0,75.0,25.0,1.0,75.0,25.0,1.0,"정제수,글리세린,부틸렌글라이콜,스쿠알란,비스-하이드록시에톡시프로필다이메티콘,카프릴릭/카프릭/미리스틱/스테아릭트라이글리세라이드,수크로오스폴리스테아레이트,나이아신아마이드,다이카프릴릴에터,메틸트라이메티콘,우레아,펜타에리스리틸테트라에틸헥사노에이트,1,2-헥산다이올,글리세릴스테아레이트,카카오씨버터,폴리글리세릴-3메틸글루코오스다이스테아레이트,스테아릭애씨드,피토스테롤,팔미틱애씨드,하이드로제네이티드폴리아이소부텐,하이드록시에틸아크릴레이트/소듐아크릴로일다이메틸타우레이트코폴리머,세테아릴알코올,아크릴레이트/C10-30알킬아크릴레이트크로스폴리머,잔탄검,글리세릴카프릴레이트,트로메타민,에틸헥실글리세린,향료,솔비탄아이소스테아레이트,다이소듐이디티에이,리모넨,마데카소사이드,서양산딸기추출물(40ppm),리날룰,미리스틱애씨드,아라키딕애씨드,토코페롤,야생딸기잎추출물(5ppm),돌콩오일",skin_type2,skin_trouble1
[촉촉쫀쫀/맞춤케어] 달바 화이트 트러플 더블 세럼 앤 크림 70g,47.0,50.0,3.0,76.0,17.0,7.0,71.0,29.0,1.0,"[아쿠아세럼]정제수,프로판다이올,1,2-헥산다이올,글리세린,판테놀,다시마추출물,한련초잎추출물,병풀추출물,무화과추출물,인도멀구슬나무잎추출물,인도멀구슬나무꽃추출물,울금뿌리추출물,캐모마일꽃추출물,트루로즈오브예리코추출물,포트마리골드꽃추출물,흰서양송로추출물(100ppm),맥아추출물,홀리바질잎추출물,참산호말추출물,하이드로제네이티드레시틴,소듐하이알루로네이트,아크릴레이트/C10-30알킬아크릴레이트크로스폴리머,옥틸도데세스-16,부틸렌글라이콜,트로메타민,다이소듐이디티에이,아데노신,프룩토올리고사카라이드,글리세릴폴리메타크릴레이트,베타-글루칸,소듐폴리아크릴레이트,피브이엠/엠에이코폴리머,하이드롤라이즈드하이알루로닉애씨드,세라마이드엔피,토코페롤,향료,에틸헥실글리세린[인텐스크림]정제수,글리세린,하이드로제네이티드폴리데센,카프릴릭/카프릭트라이글리세라이드,페닐트라이메티콘,베타인,폴리글리세릴-3메틸글루코오스다이스테아레이트,사이클로헥사실록세인,세틸알코올,퀸즈랜드넛오일,피토스테릴/이소스테아릴/세틸/스테아릴/베헤닐다이머디리놀리에이트,글리세릴스테아레이트,베헤닐알코올,트레할로오스,펜타에리스리틸다이스테아레이트,콜라겐추출물,다시마추출물,한련초잎추출물,병풀추출물,무화과추출물,인도멀구슬나무잎추출물,인도멀구슬나무꽃추출물,울금뿌리추출물,연꽃꽃추출물,장미추출물,커먼자스민추출물,나팔수선화추출물,마돈나백합비늘줄기추출물,블루플래그아이리스추출물,프리지어추출물,흰서양송로추출물(100ppm),맥아추출물,홀리바질잎추출물,참산호말추출물,지모뿌리추출물,소듐하이알루로네이트,하이드로제네이티드레시틴,달맞이꽃오일,돌콩오일,동백나무씨오일,마카다미아씨오일,비타민나무열매오일,아보카도오일,올리브오일,해바라기씨오일,암모늄아크릴로일다이메틸타우레이트/브이피코폴리머,폴리글리세릴-10라우레이트,부틸렌글라이콜,소듐스테아로일글루타메이트,아데노신,프룩토올리고사카라이드,다이소듐이디티에이,베타-글루칸,하이드롤라이즈드하이알루로닉애씨드,세라마이드엔피,글루코오스,만노오스,시어버터,하이드로제네이티드폴리아이소부텐,토코페롤,1,2-헥산다이올,향료,하이드록시아세토페논,에틸헥실글리세린",skin_type2,skin_trouble1
쏘내추럴 올 데이 메이크업 픽서 75ml 기획(+15ml 젤 픽서),21.0,60.0,19.0,51.0,39.0,10.0,59.0,41.0,2.0,"75ML정제수,폴리에스터-5,변성알코올,하이드롤라이즈드밀단백질,소듐하이알루로네이트,레몬추출물,서양톱풀추출물,아르니카몬타나꽃추출물,쓴쑥추출물,큰노랑용담뿌리추출물,티트리잎추출물,병풀추출물,프로판다이올,폴리글리세릴-2올리에이트,피이지-60하이드로제네이티드캐스터오일,옥틸도데세스-16,에틸헥실글리세린,판테놀,에탄올,페녹시에탄올,소듐벤조에이트,포타슘솔베이트,향료,리모넨15ML젤픽서정제수,연꽃꽃수,부틸렌글라이콜,글리세린,1,2-헥산다이올,메틸글루세스-20,글리세레스-26,하이드록시프로필스타치,완두콩추출물,하이드롤라이즈드완두콩단백질,베타인,폴리글리세릴-10라우레이트,알지닌,아크릴레이트/C10-30알킬아크릴레이트크로스폴리머,소듐아크릴레이트크로스폴리머-2,알란토인,카프릴릴글라이콜,에틸헥실글리세린,메틸다이아이소프로필프로피온아마이드,다이소듐이디티에이,실리카,칡뿌리추출물,대왕송잎추출물,당느릅나무뿌리추출물,달맞이꽃꽃추출물",skin_type2,skin_trouble1
